"","Date","City","90","92","95","0"
"1",2009-01-15,"上海",4.55,4.95,5.26,4.71
"2",2009-03-25,"上海",4.78,5.19,5.52,4.88
"3",2009-06-01,"上海",5.07,5.51,5.86,5.22
"4",2009-06-30,"上海",5.51,5.99,NA,5.73
"5",2009-07-29,"上海",5.35,5.81,6.18,5.54
"6",2009-09-02,"上海",5.57,6.05,6.44,5.8
"7",2009-09-30,"上海",5.43,5.9,6.27,5.64
"8",2009-11-10,"上海",NA,6.61,7.03,6.5
"9",2010-04-14,"上海",NA,6.87,7.3,6.77
"10",2010-06-01,"上海",NA,6.68,7.11,6.59
"11",2010-10-26,"上海",NA,6.87,7.3,6.77
"12",2010-12-22,"上海",NA,7.11,7.57,7.03
"13",2011-02-20,"上海",NA,7.39,7.87,7.33
"14",2011-04-07,"上海",NA,7.79,8.29,7.67
"15",2011-10-09,"上海",NA,7.55,8.03,7.42
"16",2012-02-08,"上海",NA,7.79,8.3,7.67
"17",2012-03-20,"上海",NA,8.27,8.8,8.19
"18",2012-05-10,"上海",7.5,8.01,8.52,7.92
"19",2012-06-09,"上海",7.1,7.58,8.07,7.48
"20",2012-07-11,"上海",6.79,7.25,7.71,7.14
"21",2012-08-10,"上海",7.08,7.56,8.04,7.46
"22",2012-09-11,"上海",7.49,8,8.51,7.92
"23",2012-11-16,"上海",7.26,7.75,8.24,7.66
"24",2013-02-25,"上海",7.48,7.99,8.5,7.91
"25",2013-03-27,"上海",7.25,7.74,8.24,7.65
"26",2013-04-25,"上海",6.96,7.43,7.9,7.31
"27",2013-05-10,"上海",7.03,7.5,7.98,7.39
"28",2013-06-07,"上海",6.96,7.43,7.9,7.32
"29",2013-06-21,"上海",7.03,7.51,7.99,7.4
"30",2013-07-06,"上海",6.97,7.44,7.92,7.33
"31",2013-07-20,"上海",7.21,7.7,8.19,7.6
"32",2013-08-31,"上海",NA,7.89,8.39,7.79
"33",2013-09-14,"上海",7.46,7.96,8.47,7.86
"34",2013-09-30,"上海",7.27,7.77,8.26,7.66
"35",2013-11-01,"上海",7.26,7.75,8.24,7.64
"36",2013-11-15,"上海",7.13,7.63,8.11,7.52
"37",2013-11-29,"上海",7.25,7.77,8.26,7.66
"38",2013-12-13,"上海",7.29,7.82,8.32,7.72
"39",2014-01-11,"上海",7.2,7.72,8.21,7.63
"40",2014-01-25,"上海",7.1,7.61,8.1,7.53
"41",2014-02-27,"上海",7.26,7.78,8.28,7.7
"42",2014-03-27,"上海",7.16,7.67,8.16,7.59
"43",2014-04-25,"上海",7.27,7.79,8.29,7.72
"44",2014-05-09,"上海",7.23,7.75,8.25,7.67
"45",2014-05-23,"上海",NA,7.81,8.31,7.73
"46",2014-06-24,"上海",7.41,7.94,8.45,7.87
"47",2014-07-22,"上海",7.26,7.75,8.24,7.67
"48",2014-08-19,"上海",NA,7.59,8.08,7.51
"49",2014-09-02,"上海",7.01,7.51,7.99,7.42
"50",2014-09-17,"上海",NA,7.4,7.87,7.31
"51",2014-09-30,"上海",6.83,7.32,7.79,7.22
"52",2014-10-18,"上海",6.6,7.08,7.53,6.98
"53",2014-11-01,"上海",6.42,6.88,7.32,6.77
"54",2014-11-15,"上海",NA,6.73,7.16,6.62
"55",2014-12-13,"上海",NA,6.59,7.02,6.27
"56",2014-12-27,"上海",NA,6.18,6.57,5.84
"57",2015-01-13,"上海",5.63,6.03,6.42,5.65
"58",2015-01-27,"上海",NA,5.74,NA,5.34
"59",2015-02-10,"上海",NA,5.97,6.36,5.59
"60",2015-02-28,"上海",5.86,6.28,6.69,5.91
"61",2015-03-27,"上海",5.68,6.09,6.48,5.71
"62",2015-04-11,"上海",NA,6.19,6.59,5.81
"63",2015-04-25,"上海",NA,6.43,6.84,6.05
"64",2015-05-12,"上海",NA,6.63,7.06,6.27
"65",2015-06-09,"上海",6.11,6.55,6.96,6.17
"66",2015-07-08,"上海",6.04,6.47,6.88,6.1
"67",2015-07-22,"上海",5.84,6.26,6.66,5.87
"68",2015-08-05,"上海",5.67,6.08,6.47,5.68
"69",2015-08-19,"上海",NA,5.91,6.29,5.51
"70",2015-09-02,"上海",5.42,5.81,6.19,5.4
"71",2015-09-17,"上海",5.49,5.88,6.26,5.49
"72",2015-10-21,"上海",5.53,5.92,6.3,5.53
"73",2015-11-04,"上海",5.43,5.82,6.2,5.42
"74",2015-11-18,"上海",5.37,5.76,6.13,5.35
"75",2015-12-02,"上海",5.26,5.64,6,5.23
"76",2016-01-14,"上海",5.16,5.53,5.88,5.11
"77",2016-04-27,"上海",5.28,5.66,6.02,5.25
"78",2016-05-12,"上海",5.37,5.76,6.13,5.35
"79",2016-05-26,"上海",5.53,5.92,6.3,5.52
"80",2016-07-22,"上海",5.49,5.89,6.27,5.49
"81",2016-08-05,"上海",5.33,5.71,6.08,5.3
"82",2016-08-19,"上海",5.46,5.85,6.23,5.45
"83",2016-09-02,"上海",5.61,6.02,6.4,5.62
"84",2016-09-19,"上海",5.5,5.89,6.27,5.49
"85",2016-10-20,"上海",5.76,6.18,6.57,5.78
"86",2016-11-17,"上海",5.49,5.88,6.26,5.48
"87",2016-12-01,"上海",5.62,6.03,6.41,5.62
"88",2016-12-15,"上海",5.95,6.37,6.78,5.99
"89",2009-01-15,"北京",4.99,5.33,5.68,5.26
"90",2009-03-25,"北京",5.21,5.56,5.92,5.42
"91",2009-06-01,"北京",5.51,5.89,6.27,5.76
"92",2009-06-30,"北京",NA,6.37,6.78,6.28
"93",2009-07-29,"北京",NA,6.19,6.59,6.09
"94",2009-09-02,"北京",NA,6.43,6.85,6.35
"95",2009-09-30,"北京",6.28,6.68,7.23,6.19
"96",2009-11-10,"北京",NA,6.66,7.09,6.6
"97",2010-04-14,"北京",NA,6.92,7.37,6.88
"98",2010-06-01,"北京",NA,6.74,7.17,6.69
"99",2010-10-26,"北京",NA,6.92,7.37,6.88
"100",2010-12-22,"北京",NA,7.17,7.63,7.14
"101",2011-02-20,"北京",NA,7.45,7.93,7.44
"102",2011-04-07,"北京",NA,7.85,8.36,7.79
"103",2011-10-09,"北京",7.13,7.63,8.1,7.53
"104",2012-02-08,"北京",NA,7.85,8.36,7.79
"105",2012-03-20,"北京",NA,8.33,8.87,8.31
"106",2012-05-10,"北京",7.55,8.07,8.59,8.04
"107",2012-06-09,"北京",7.16,7.64,8.14,7.6
"108",2012-07-11,"北京",6.84,7.31,7.78,7.25
"109",2012-08-10,"北京",7.13,7.62,8.11,7.57
"110",2012-09-11,"北京",7.55,8.06,8.58,8.04
"111",2012-11-16,"北京",7.31,7.81,8.32,7.78
"112",2013-02-25,"北京",7.54,8.05,8.57,8.03
"113",2013-03-27,"北京",7.31,7.8,8.31,7.77
"114",2013-04-25,"北京",7.01,7.49,7.97,7.43
"115",2013-05-10,"北京",7.08,7.56,8.05,7.51
"116",2013-06-07,"北京",7.01,7.49,7.97,7.43
"117",2013-06-21,"北京",7.08,7.57,8.06,7.51
"118",2013-07-06,"北京",7.02,7.5,7.99,7.45
"119",2013-07-20,"北京",NA,7.75,8.05,7.72
"120",2013-08-31,"北京",NA,7.95,8.47,NA
"121",2013-09-14,"北京",NA,8.03,8.54,7.98
"122",2013-09-30,"北京",7.33,7.83,8.33,7.78
"123",2013-11-01,"北京",7.31,7.81,8.31,7.76
"124",2013-11-15,"北京",7.19,7.68,8.18,7.63
"125",2013-11-29,"北京",7.31,7.81,8.31,7.76
"126",2013-12-13,"北京",7.35,7.86,8.36,7.81
"127",2014-01-11,"北京",NA,7.76,8.26,7.71
"128",2014-01-25,"北京",NA,7.65,8.15,7.6
"129",2014-02-27,"北京",7.32,7.82,8.32,7.76
"130",2014-03-27,"北京",7.22,7.71,8.21,7.66
"131",2014-04-25,"北京",7.33,7.83,8.34,7.79
"132",2014-05-09,"北京",7.29,7.79,8.3,7.74
"133",2014-05-23,"北京",NA,7.85,8.36,7.8
"134",2014-06-24,"北京",NA,7.98,8.5,7.94
"135",2014-07-22,"北京",NA,7.78,8.29,7.74
"136",2014-08-19,"北京",NA,7.63,8.12,7.58
"137",2014-09-02,"北京",NA,7.55,8.03,7.49
"138",2014-09-17,"北京",NA,7.44,7.92,7.37
"139",2014-09-30,"北京",NA,7.36,7.83,7.29
"140",2014-10-18,"北京",7.31,7.11,7.57,7.04
"141",2014-11-01,"北京",NA,6.92,7.36,6.84
"142",2014-11-15,"北京",NA,6.76,7.2,6.68
"143",2014-12-13,"北京",NA,6.63,7.06,6.34
"144",2014-12-27,"北京",NA,6.21,6.61,5.9
"145",2015-01-13,"北京",NA,6.07,6.46,5.7
"146",2015-01-27,"北京",NA,5.77,6.15,5.4
"147",2015-02-10,"北京",NA,6.01,6.39,5.64
"148",2015-02-28,"北京",NA,6.32,6.73,5.97
"149",2015-03-27,"北京",NA,6.13,6.52,5.77
"150",2015-04-11,"北京",NA,6.22,6.62,5.87
"151",2015-04-25,"北京",NA,6.46,6.88,6.11
"152",2015-05-12,"北京",NA,6.67,7.1,6.33
"153",2015-06-09,"北京",6.16,6.58,7,6.24
"154",2015-07-08,"北京",NA,6.5,6.92,6.16
"155",2015-07-22,"北京",NA,6.29,6.7,5.93
"156",2015-08-05,"北京",NA,6.11,6.51,5.74
"157",2015-08-19,"北京",NA,5.95,6.33,5.57
"158",2015-09-02,"北京",NA,5.85,6.22,5.47
"159",2015-09-17,"北京",NA,5.92,6.3,5.54
"160",2015-10-21,"北京",5.58,5.96,6.34,5.58
"161",2015-11-04,"北京",5.48,5.86,6.24,5.47
"162",2015-11-18,"北京",5.42,5.79,6.16,5.41
"163",2015-12-02,"北京",5.31,5.67,6.04,5.28
"164",2016-01-14,"北京",5.2,5.56,5.92,5.17
"165",2016-04-27,"北京",5.33,5.69,6.06,5.31
"166",2016-05-12,"北京",5.42,5.79,6.16,5.41
"167",2016-05-26,"北京",5.58,5.96,6.34,5.58
"168",2016-07-22,"北京",5.54,5.92,6.3,5.54
"169",2016-08-05,"北京",5.38,5.75,6.12,5.36
"170",2016-08-19,"北京",5.51,5.89,6.27,5.5
"171",2016-09-02,"北京",5.66,6.05,6.44,5.68
"172",2016-09-19,"北京",5.55,5.93,6.31,5.55
"173",2016-10-20,"北京",5.81,6.21,6.61,5.84
"174",2016-11-17,"北京",5.54,5.92,6.3,5.53
"175",2016-12-01,"北京",5.67,6.06,6.45,5.68
"176",2016-12-15,"北京",6,6.41,6.82,6.05
"177",2009-01-15,"南京",4.6,NA,NA,4.76
"178",2009-03-25,"南京",4.81,5.1,5.39,4.92
"179",2009-06-01,"南京",5.16,5.47,5.39,5.26
"180",2009-06-30,"南京",5.64,5.98,6.32,5.8
"181",2009-07-29,"南京",NA,NA,NA,NA
"182",2009-09-02,"南京",NA,6.04,NA,NA
"183",2009-09-30,"南京",5.56,5.89,6.22,5.71
"184",2009-11-10,"南京",5.92,6.27,6.63,6.12
"185",2010-04-14,"南京",6.16,6.53,6.89,6.39
"186",2010-06-01,"南京",NA,NA,NA,NA
"187",2010-10-26,"南京",NA,NA,NA,NA
"188",2010-12-22,"南京",NA,NA,NA,NA
"189",2011-02-20,"南京",6.65,7.05,7.45,6.95
"190",2011-04-07,"南京",7.02,7.45,7.88,7.29
"191",2011-10-09,"南京",6.8,7.21,7.62,7.03
"192",2012-02-08,"南京",7.02,7.45,7.88,7.29
"193",2012-03-20,"南京",7.46,7.89,8.32,7.81
"194",2012-05-10,"南京",7.23,7.66,8.09,7.54
"195",2012-06-09,"南京",6.83,7.24,7.65,7.1
"196",2012-07-11,"南京",6.82,7.23,7.64,6.76
"197",2012-08-10,"南京",7.11,7.54,7.97,7.08
"198",2012-09-11,"南京",7.52,7.98,8.43,7.54
"199",2012-11-16,"南京",7.29,7.73,8.17,7.28
"200",2013-02-25,"南京",7.52,7.97,8.42,7.53
"201",2013-03-27,"南京",6.98,7.4,7.82,7.27
"202",2013-04-25,"南京",6.68,7.08,7.49,6.93
"203",2013-05-10,"南京",6.75,7.16,7.56,7.01
"204",2013-06-07,"南京",6.68,7.08,7.49,6.93
"205",2013-06-21,"南京",6.75,7.16,7.56,7.01
"206",2013-07-06,"南京",6.7,7.1,NA,6.95
"207",2013-07-20,"南京",6.94,7.36,7.77,7.22
"208",2013-08-31,"南京",7.12,7.54,7.97,7.41
"209",2013-09-14,"南京",7.18,7.62,8.05,7.48
"210",2013-09-30,"南京",7,7.42,7.84,7.28
"211",2013-11-01,"南京",6.95,7.36,7.78,7.22
"212",2013-11-15,"南京",6.83,7.24,7.64,7.08
"213",2013-11-29,"南京",6.95,7.36,7.78,7.22
"214",2013-12-13,"南京",6.99,7.41,7.83,7.27
"215",2014-01-11,"南京",7.11,7.54,7.97,7.16
"216",2014-01-25,"南京",7.02,7.44,7.86,7.06
"217",2014-02-27,"南京",7.17,7.6,8.03,7.23
"218",2014-03-27,"南京",7.07,7.49,7.92,7.12
"219",2014-04-25,"南京",NA,NA,NA,NA
"220",2014-05-09,"南京",7.15,7.58,8,7.2
"221",2014-05-23,"南京",7.2,7.63,8.06,7.26
"222",2014-06-24,"南京",7.32,7.76,8.2,7.4
"223",2014-07-22,"南京",7.14,7.57,8,7.19
"224",2014-08-19,"南京",NA,NA,NA,NA
"225",2014-09-02,"南京",6.92,7.33,7.75,6.95
"226",2014-09-17,"南京",6.81,7.22,7.63,6.84
"227",2014-09-30,"南京",6.74,7.14,7.55,6.75
"228",2014-10-18,"南京",6.51,6.91,7.3,6.5
"229",2014-11-01,"南京",6.33,6.71,7.09,6.31
"230",2014-11-15,"南京",NA,6.56,6.93,6.15
"231",2014-12-13,"南京",NA,NA,NA,5.81
"232",2014-12-27,"南京",5.67,6.01,6.35,5.38
"233",2015-01-13,"南京",5.54,5.87,6.2,5.19
"234",2015-01-27,"南京",NA,NA,NA,NA
"235",2015-02-10,"南京",NA,NA,NA,NA
"236",2015-02-28,"南京",5.77,6.12,6.47,5.9
"237",2015-03-27,"南京",NA,6.11,6.49,5.25
"238",2015-04-11,"南京",NA,NA,NA,NA
"239",2015-04-25,"南京",NA,NA,NA,NA
"240",2015-05-12,"南京",6.23,6.64,7.07,6.25
"241",2015-06-09,"南京",6.14,6.56,6.97,6.16
"242",2015-07-08,"南京",6.07,6.48,6.89,6.09
"243",2015-07-22,"南京",5.88,6.27,6.67,5.86
"244",2015-08-05,"南京",5.71,6.09,6.48,5.68
"245",2015-08-19,"南京",NA,5.93,6.3,NA
"246",2015-09-02,"南京",NA,5.65,6.2,5.4
"247",2015-09-17,"南京",5.53,5.9,6.27,5.48
"248",2015-10-21,"南京",5.57,5.94,6.32,5.52
"249",2015-11-04,"南京",5.47,5.84,6.21,5.41
"250",2015-11-18,"南京",5.41,5.77,6.14,5.34
"251",2015-12-02,"南京",5.3,5.66,NA,5.22
"252",2016-01-14,"南京",5.19,5.54,NA,5.11
"253",2016-04-27,"南京",5.32,5.68,6.04,5.25
"254",2016-05-12,"南京",5.41,5.77,6.14,5.34
"255",2016-05-26,"南京",5.71,5.94,6.32,5.51
"256",2016-07-22,"南京",NA,5.9,6.28,5.48
"257",2016-08-05,"南京",NA,5.73,6.09,5.3
"258",2016-08-19,"南京",NA,5.87,6.24,5.44
"259",2016-09-02,"南京",NA,6.03,6.41,5.61
"260",2016-09-19,"南京",NA,5.91,6.28,5.48
"261",2016-10-20,"南京",NA,6.19,6.58,5.78
"262",2016-11-17,"南京",NA,5.9,6.27,5.47
"263",2016-12-01,"南京",NA,6.04,6.42,5.62
"264",2016-12-15,"南京",NA,6.39,6.79,5.98
"265",2009-01-15,"天津",4.62,4.99,NA,4.81
"266",2009-03-25,"天津",4.84,5.22,NA,4.96
"267",2009-06-01,"天津",5.14,5.54,NA,5.31
"268",2009-06-30,"天津",NA,NA,NA,NA
"269",2009-07-29,"天津",5.42,5.85,NA,5.64
"270",2009-09-02,"天津",NA,NA,NA,NA
"271",2009-09-30,"天津",5.51,5.94,6.27,5.73
"272",2009-11-10,"天津",5.86,6.32,6.68,6.15
"273",2010-04-14,"天津",6.1,6.58,6.95,6.42
"274",2010-06-01,"天津",NA,NA,NA,NA
"275",2010-10-26,"天津",6.1,6.56,6.92,6.42
"276",2010-12-22,"天津",6.33,6.83,7.22,6.68
"277",2011-02-20,"天津",6.59,7.11,7.45,6.98
"278",2011-04-07,"天津",6.97,7.52,7.94,7.33
"279",2011-10-09,"天津",6.74,7.23,7.62,7.06
"280",2012-02-08,"天津",6.96,7.47,7.88,7.32
"281",2012-03-20,"天津",7.42,8,8.45,7.85
"282",2012-05-10,"天津",7.17,7.73,8.17,7.58
"283",2012-06-09,"天津",6.77,7.31,7.72,7.14
"284",2012-07-11,"天津",6.46,6.98,7.36,6.8
"285",2012-08-10,"天津",6.75,7.28,7.69,7.11
"286",2012-09-11,"天津",7.16,7.72,8.14,7.58
"287",2012-11-16,"天津",6.93,7.47,7.9,7.32
"288",2013-02-25,"天津",7.16,7.72,8.15,7.57
"289",2013-03-27,"天津",6.92,7.47,7.89,7.31
"290",2013-04-25,"天津",6.63,7.15,7.55,6.97
"291",2013-05-10,"天津",6.7,7.23,7.63,7.05
"292",2013-06-07,"天津",6.63,7.15,7.55,6.97
"293",2013-06-21,"天津",6.7,7.22,7.63,7.05
"294",2013-07-06,"天津",6.64,7.17,7.57,6.99
"295",2013-07-20,"天津",6.89,7.43,7.85,7.26
"296",2013-08-31,"天津",7.06,7.62,8.05,7.45
"297",2013-09-14,"天津",7.13,7.69,8.12,7.52
"298",2013-09-30,"天津",6.95,7.49,7.92,7.32
"299",2013-11-01,"天津",7.11,7.66,8.1,7.26
"300",2013-11-15,"天津",6.99,7.54,7.96,7.12
"301",2013-11-29,"天津",7.11,7.66,8.1,7.26
"302",2013-12-13,"天津",7.15,7.71,8.15,7.31
"303",2014-01-11,"天津",7.06,7.61,8.04,7.2
"304",2014-01-25,"天津",6.96,7.51,7.93,7.1
"305",2014-02-27,"天津",7.11,7.66,8.1,7.26
"306",2014-03-27,"天津",7.01,7.56,7.99,7.16
"307",2014-04-25,"天津",7.13,7.69,8.12,7.28
"308",2014-05-09,"天津",7.09,7.65,8.08,7.24
"309",2014-05-23,"天津",7.14,7.7,8.14,7.3
"310",2014-06-24,"天津",7.27,7.84,8.28,7.44
"311",2014-07-22,"天津",7.08,7.64,8.07,7.23
"312",2014-08-19,"天津",6.94,7.49,7.91,7.07
"313",2014-09-02,"天津",6.86,7.4,7.82,6.99
"314",2014-09-17,"天津",6.76,7.29,7.7,6.87
"315",2014-09-30,"天津",6.68,7.21,7.62,6.79
"316",2014-10-18,"天津",6.46,6.97,7.36,6.54
"317",2014-11-01,"天津",6.28,6.77,7.15,6.34
"318",2014-11-15,"天津",6.14,6.62,6.99,6.18
"319",2014-12-13,"天津",6.01,6.48,6.85,5.83
"320",2014-12-27,"天津",5.62,6.06,6.41,5.4
"321",2015-01-13,"天津",NA,NA,NA,NA
"322",2015-01-27,"天津",NA,NA,NA,5.36
"323",2015-02-10,"天津",NA,NA,NA,5.6
"324",2015-02-28,"天津",5.85,6.31,6.66,5.93
"325",2015-03-27,"天津",5.67,6.11,6.46,5.73
"326",2015-04-11,"天津",5.76,6.21,6.56,5.83
"327",2015-04-25,"天津",5.98,6.45,6.82,6.07
"328",2015-05-12,"天津",6.17,6.66,7.03,6.28
"329",2015-06-09,"天津",6.09,6.57,6.94,6.19
"330",2015-07-08,"天津",6.02,6.49,6.86,6.12
"331",2015-07-22,"天津",5.82,6.28,6.63,5.89
"332",2015-08-05,"天津",5.66,6.1,6.45,5.7
"333",2015-08-19,"天津",5.5,5.93,6.27,5.52
"334",2015-09-02,"天津",5.41,5.83,6.16,5.42
"335",2015-09-17,"天津",5.48,5.91,6.24,5.5
"336",2015-10-21,"天津",5.51,5.95,6.28,5.54
"337",2015-11-04,"天津",5.42,5.85,6.18,5.43
"338",2015-11-18,"天津",5.36,5.78,6.1,5.36
"339",2015-12-02,"天津",5.25,5.66,5.98,5.24
"340",2016-01-14,"天津",5.14,5.55,5.86,5.13
"341",2016-04-27,"天津",5.27,5.68,6,5.26
"342",2016-05-12,"天津",5.36,5.78,6.1,5.36
"343",2016-05-26,"天津",5.51,5.95,6.28,5.54
"344",2016-07-22,"天津",5.48,5.91,6.24,5.5
"345",2016-08-05,"天津",5.32,5.73,6.06,5.32
"346",2016-08-19,"天津",5.45,5.87,6.21,5.46
"347",2016-09-02,"天津",5.6,6.04,6.38,5.64
"348",2016-09-19,"天津",5.48,5.91,6.25,5.51
"349",2016-10-20,"天津",5.75,6.2,6.55,5.8
"350",2016-11-17,"天津",5.48,5.91,6.24,5.49
"351",2016-12-01,"天津",5.61,6.05,6.39,5.64
"352",2016-12-15,"天津",5.93,6.4,6.76,6
"353",2009-01-15,"成都",NA,NA,NA,NA
"354",2009-03-25,"成都",NA,NA,NA,NA
"355",2009-06-01,"成都",5.26,5.61,5.97,5.43
"356",2009-06-30,"成都",5.7,6.09,6.47,5.94
"357",2009-07-29,"成都",NA,NA,NA,NA
"358",2009-09-02,"成都",NA,6.15,NA,NA
"359",2009-09-30,"成都",NA,NA,NA,NA
"360",2009-11-10,"成都",5.98,6.38,6.78,6.25
"361",2010-04-14,"成都",NA,6.63,NA,6.52
"362",2010-06-01,"成都",6.04,6.45,6.86,6.34
"363",2010-10-26,"成都",6.21,6.63,7.05,6.52
"364",2010-12-22,"成都",NA,6.88,NA,NA
"365",2011-02-20,"成都",6.71,7.15,7.47,7.08
"366",2011-04-07,"成都",7.07,7.55,8.03,7.41
"367",2011-10-09,"成都",6.86,7.31,7.64,7.16
"368",2012-02-08,"成都",7.07,7.55,8.03,7.41
"369",2012-03-20,"成都",7.52,8.02,8.53,7.93
"370",2012-05-10,"成都",7.27,7.76,8.26,7.66
"371",2012-06-09,"成都",6.88,7.34,7.81,7.23
"372",2012-07-11,"成都",6.57,7.01,7.46,6.89
"373",2012-08-10,"成都",6.86,7.32,7.78,7.2
"374",2012-09-11,"成都",7.26,7.75,8.25,7.66
"375",2012-11-16,"成都",7.04,7.51,7.99,7.41
"376",2013-02-25,"成都",7.26,7.74,8.24,7.65
"377",2013-03-27,"成都",7.03,7.5,7.97,7.4
"378",2013-04-25,"成都",6.74,7.19,7.63,7.06
"379",2013-05-10,"成都",NA,7.26,7.83,7.14
"380",2013-06-07,"成都",6.74,7.19,7.74,7.06
"381",2013-06-21,"成都",NA,7.26,7.83,7.14
"382",2013-07-06,"成都",6.75,7.2,7.76,7.08
"383",2013-07-20,"成都",6.99,7.46,8.04,7.34
"384",2013-08-31,"成都",7.17,7.65,8.24,7.53
"385",2013-09-14,"成都",7.23,7.72,8.31,7.61
"386",2013-09-30,"成都",7.05,7.52,8.11,7.41
"387",2013-11-01,"成都",6.99,7.46,8.04,7.34
"388",2013-11-15,"成都",6.88,7.34,7.91,7.21
"389",2013-11-29,"成都",6.99,7.46,8.04,7.34
"390",2013-12-13,"成都",NA,NA,NA,NA
"391",2014-01-11,"成都",7.16,7.64,8.23,7.29
"392",2014-01-25,"成都",NA,7.54,NA,7.19
"393",2014-02-27,"成都",7.22,7.7,8.3,NA
"394",2014-03-27,"成都",7.12,7.59,8.18,7.82
"395",2014-04-25,"成都",7.23,7.72,8.31,7.96
"396",2014-05-09,"成都",7.19,7.68,8.27,7.91
"397",2014-05-23,"成都",7.25,7.73,8.33,7.98
"398",2014-06-24,"成都",7.37,7.86,8.47,7.84
"399",2014-07-22,"成都",7.19,7.67,8.26,NA
"400",2014-08-19,"成都",7.05,NA,8.1,7.48
"401",2014-09-02,"成都",6.97,7.44,8.01,7.39
"402",2014-09-17,"成都",6.87,7.33,7.89,7.28
"403",2014-09-30,"成都",6.81,7.25,7.81,7.2
"404",2014-10-18,"成都",6.59,7.01,7.55,6.98
"405",2014-11-01,"成都",6.39,6.82,7.34,6.79
"406",2014-11-15,"成都",6.25,6.67,7.18,6.6
"407",2014-12-13,"成都",6.13,6.53,7.04,NA
"408",2014-12-27,"成都",5.74,6.12,6.6,NA
"409",2015-01-13,"成都",NA,5.98,6.44,5.64
"410",2015-01-27,"成都",NA,5.69,6.13,5.34
"411",2015-02-10,"成都",NA,NA,NA,NA
"412",2015-02-28,"成都",5.84,6.23,6.71,5.58
"413",2015-03-27,"成都",NA,6.04,6.51,NA
"414",2015-04-11,"成都",NA,6.13,6.61,5.8
"415",2015-04-25,"成都",5.97,6.37,6.86,6.04
"416",2015-05-12,"成都",NA,6.57,7.08,NA
"417",2015-06-09,"成都",NA,6.48,6.99,6.16
"418",2015-07-08,"成都",NA,6.41,6.91,6.08
"419",2015-07-22,"成都",NA,6.2,6.68,5.86
"420",2015-08-05,"成都",NA,6.03,6.49,5.68
"421",2015-08-19,"成都",NA,5.86,6.31,5.5
"422",2015-09-02,"成都",5.4,5.76,6.21,5.4
"423",2015-09-17,"成都",NA,5.83,6.29,5.48
"424",2015-10-21,"成都",NA,5.87,6.33,5.52
"425",2015-11-04,"成都",NA,5.77,6.22,5.41
"426",2015-11-18,"成都",5.35,5.71,6.15,5.34
"427",2015-12-02,"成都",5.24,5.59,6.03,5.23
"428",2016-01-14,"成都",5.14,5.48,5.91,5.11
"429",2016-04-27,"成都",NA,NA,NA,NA
"430",2016-05-12,"成都",NA,NA,NA,NA
"431",2016-05-26,"成都",NA,NA,NA,NA
"432",2016-07-22,"成都",NA,NA,NA,NA
"433",2016-08-05,"成都",NA,NA,NA,NA
"434",2016-08-19,"成都",NA,NA,NA,NA
"435",2016-09-02,"成都",NA,NA,NA,NA
"436",2016-09-19,"成都",NA,NA,NA,NA
"437",2016-10-20,"成都",NA,NA,NA,NA
"438",2016-11-17,"成都",NA,NA,NA,NA
"439",2016-12-01,"成都",NA,NA,NA,NA
"440",2016-12-15,"成都",NA,NA,NA,NA
"441",2009-01-15,"沈阳",4.81,NA,NA,NA
"442",2009-03-25,"沈阳",4.8,5.13,5.5,4.87
"443",2009-06-01,"沈阳",NA,NA,NA,NA
"444",2009-06-30,"沈阳",NA,NA,NA,NA
"445",2009-07-29,"沈阳",NA,NA,NA,NA
"446",2009-09-02,"沈阳",NA,NA,NA,NA
"447",2009-09-30,"沈阳",5.46,5.83,6.26,5.62
"448",2009-11-10,"沈阳",5.82,6.21,6.67,6.03
"449",2010-04-14,"沈阳",6.12,6.52,6.94,6.3
"450",2010-06-01,"沈阳",5.95,6.18,6.77,5.99
"451",2010-10-26,"沈阳",6.12,6.32,NA,NA
"452",2010-12-22,"沈阳",NA,6.8,7.25,NA
"453",2011-02-20,"沈阳",6.61,7.08,7.49,6.86
"454",2011-04-07,"沈阳",6.98,7.43,7.92,7.2
"455",2011-10-09,"沈阳",6.76,7.19,7.66,6.94
"456",2012-02-08,"沈阳",6.98,7.43,7.95,7.35
"457",2012-03-20,"沈阳",7.42,7.96,8.49,7.73
"458",2012-05-10,"沈阳",NA,7.7,8.21,7.47
"459",2012-06-09,"沈阳",6.78,7.19,7.66,7.18
"460",2012-07-11,"沈阳",6.47,6.93,7.39,6.69
"461",2012-08-10,"沈阳",6.76,7.25,7.73,7.01
"462",2012-09-11,"沈阳",NA,7.69,8.2,7.47
"463",2012-11-16,"沈阳",NA,7.46,7.95,7.23
"464",2013-02-25,"沈阳",7.16,7.7,8.21,7.6
"465",2013-03-27,"沈阳",6.93,7.45,7.94,7.22
"466",2013-04-25,"沈阳",6.64,7.13,7.6,6.88
"467",2013-05-10,"沈阳",NA,7.21,7.69,6.96
"468",2013-06-07,"沈阳",6.64,7.13,7.6,6.88
"469",2013-06-21,"沈阳",6.71,7.21,7.69,6.96
"470",2013-07-06,"沈阳",NA,7.15,7.62,6.9
"471",2013-07-20,"沈阳",NA,7.41,7.9,7.16
"472",2013-08-31,"沈阳",NA,NA,NA,7.33
"473",2013-09-14,"沈阳",NA,7.67,8.18,7.43
"474",2013-09-30,"沈阳",NA,7.47,7.97,7.23
"475",2013-11-01,"沈阳",NA,7.41,7.9,7.16
"476",2013-11-15,"沈阳",6.8,7.28,7.77,7.03
"477",2013-11-29,"沈阳",NA,7.41,7.9,7.16
"478",2013-12-13,"沈阳",NA,7.46,7.95,NA
"479",2014-01-11,"沈阳",NA,7.59,8.1,NA
"480",2014-01-25,"沈阳",NA,7.49,7.98,NA
"481",2014-02-27,"沈阳",NA,7.65,8.16,7.17
"482",2014-03-27,"沈阳",NA,7.54,8.04,7.06
"483",2014-04-25,"沈阳",NA,NA,NA,NA
"484",2014-05-09,"沈阳",NA,NA,NA,NA
"485",2014-05-23,"沈阳",NA,7.68,8.19,7.2
"486",2014-06-24,"沈阳",NA,7.82,8.34,7.34
"487",2014-07-22,"沈阳",NA,7.62,8.13,7.14
"488",2014-08-19,"沈阳",NA,NA,7.96,6.98
"489",2014-09-02,"沈阳",NA,7.38,7.87,6.9
"490",2014-09-17,"沈阳",NA,7.27,7.75,6.78
"491",2014-09-30,"沈阳",NA,7.19,7.67,6.7
"492",2014-10-18,"沈阳",6.8,6.95,7.41,6.45
"493",2014-11-01,"沈阳",6.8,6.75,7.2,6.25
"494",2014-11-15,"沈阳",NA,6.6,7.04,6.1
"495",2014-12-13,"沈阳",NA,6.46,6.89,NA
"496",2014-12-27,"沈阳",6.8,6.05,6.45,5.33
"497",2015-01-13,"沈阳",NA,5.9,6.29,5.18
"498",2015-01-27,"沈阳",NA,5.61,5.98,NA
"499",2015-02-10,"沈阳",NA,5.84,NA,5.39
"500",2015-02-28,"沈阳",NA,6.16,6.56,NA
"501",2015-03-27,"沈阳",NA,5.96,6.36,5.52
"502",2015-04-11,"沈阳",NA,NA,NA,NA
"503",2015-04-25,"沈阳",NA,NA,NA,NA
"504",2015-05-12,"沈阳",NA,6.5,6.94,6.07
"505",2015-06-09,"沈阳",NA,6.42,NA,5.98
"506",2015-07-08,"沈阳",NA,6.34,6.76,5.9
"507",2015-07-22,"沈阳",NA,6.14,6.54,5.67
"508",2015-08-05,"沈阳",NA,5.95,6.34,5.49
"509",2015-08-19,"沈阳",NA,5.73,6.13,5.3
"510",2015-09-02,"沈阳",NA,5.68,6.06,5.21
"511",2015-09-17,"沈阳",NA,5.75,6.14,NA
"512",2015-10-21,"沈阳",6.24,5.79,6.18,5.33
"513",2015-11-04,"沈阳",NA,5.69,6.07,5.23
"514",2015-11-18,"沈阳",NA,5.63,6,5.16
"515",2015-12-02,"沈阳",NA,5.51,5.87,NA
"516",2016-01-14,"沈阳",NA,5.4,5.75,NA
"517",2016-04-27,"沈阳",NA,NA,NA,NA
"518",2016-05-12,"沈阳",NA,NA,NA,NA
"519",2016-05-26,"沈阳",NA,NA,NA,NA
"520",2016-07-22,"沈阳",NA,NA,NA,NA
"521",2016-08-05,"沈阳",NA,NA,NA,NA
"522",2016-08-19,"沈阳",NA,NA,NA,NA
"523",2016-09-02,"沈阳",NA,NA,NA,NA
"524",2016-09-19,"沈阳",NA,NA,NA,NA
"525",2016-10-20,"沈阳",NA,NA,NA,NA
"526",2016-11-17,"沈阳",NA,NA,NA,NA
"527",2016-12-01,"沈阳",NA,NA,NA,NA
"528",2016-12-15,"沈阳",NA,NA,NA,NA
"529",2009-01-15,"济南",4.63,4.98,5.35,5.18
"530",2009-03-25,"济南",4.85,5.22,5.6,4.4
"531",2009-06-01,"济南",5.15,5.54,5.94,5.31
"532",2009-06-30,"济南",NA,NA,NA,NA
"533",2009-07-29,"济南",NA,NA,NA,NA
"534",2009-09-02,"济南",NA,NA,NA,NA
"535",2009-09-30,"济南",NA,NA,NA,NA
"536",2009-11-10,"济南",5.87,6.32,6.78,5.8
"537",2010-04-14,"济南",6.11,6.57,7.05,6.42
"538",2010-06-01,"济南",NA,NA,NA,NA
"539",2010-10-26,"济南",NA,NA,NA,NA
"540",2010-12-22,"济南",6.34,6.82,7.32,NA
"541",2011-02-20,"济南",NA,7.1,NA,NA
"542",2011-04-07,"济南",6.97,7.44,7.98,7.32
"543",2011-10-09,"济南",6.75,7.26,7.79,7.06
"544",2012-02-08,"济南",NA,7.5,8.05,NA
"545",2012-03-20,"济南",NA,7.99,8.57,7.84
"546",2012-05-10,"济南",NA,7.72,8.28,7.57
"547",2012-06-09,"济南",6.77,7.2,7.69,7.15
"548",2012-07-11,"济南",6.46,6.96,7.47,6.79
"549",2012-08-10,"济南",6.75,7.27,7.8,7.11
"550",2012-09-11,"济南",7.16,7.62,8.11,7.59
"551",2012-11-16,"济南",6.94,7.46,8.01,7.31
"552",2013-02-25,"济南",7.15,7.71,8.27,7.56
"553",2013-03-27,"济南",6.92,7.46,8,7.31
"554",2013-04-25,"济南",6.63,7.14,7.66,6.96
"555",2013-05-10,"济南",NA,7.22,7.74,7.04
"556",2013-06-07,"济南",6.63,7.14,7.66,6.96
"557",2013-06-21,"济南",6.7,7.22,7.74,7.04
"558",2013-07-06,"济南",NA,7.16,7.68,6.98
"559",2013-07-20,"济南",NA,7.42,7.96,7.25
"560",2013-08-31,"济南",NA,7.6,8.16,7.44
"561",2013-09-14,"济南",NA,7.68,8.24,7.52
"562",2013-09-30,"济南",NA,NA,NA,NA
"563",2013-11-01,"济南",NA,NA,NA,NA
"564",2013-11-15,"济南",6.81,7.29,7.82,7.12
"565",2013-11-29,"济南",NA,7.42,7.96,7.25
"566",2013-12-13,"济南",NA,NA,NA,7.3
"567",2014-01-11,"济南",NA,7.6,8.15,7.2
"568",2014-01-25,"济南",NA,7.5,8.04,7.09
"569",2014-02-27,"济南",NA,7.66,8.22,7.26
"570",2014-03-27,"济南",NA,7.56,NA,NA
"571",2014-04-25,"济南",NA,NA,NA,NA
"572",2014-05-09,"济南",NA,NA,NA,NA
"573",2014-05-23,"济南",NA,NA,NA,NA
"574",2014-06-24,"济南",NA,NA,NA,NA
"575",2014-07-22,"济南",NA,NA,NA,NA
"576",2014-08-19,"济南",6.81,7.48,8.02,7.07
"577",2014-09-02,"济南",NA,7.39,7.93,6.98
"578",2014-09-17,"济南",NA,NA,NA,NA
"579",2014-09-30,"济南",NA,7.2,7.72,6.78
"580",2014-10-18,"济南",6.81,6.96,7.47,6.53
"581",2014-11-01,"济南",NA,6.76,7.25,6.33
"582",2014-11-15,"济南",NA,6.61,7.09,6.18
"583",2014-12-13,"济南",NA,6.47,6.94,5.83
"584",2014-12-27,"济南",6.81,6.05,6.5,5.4
"585",2015-01-13,"济南",NA,5.91,6.34,NA
"586",2015-01-27,"济南",NA,5.62,6.03,5.22
"587",2015-02-10,"济南",NA,5.85,6.28,NA
"588",2015-02-28,"济南",NA,6.16,6.61,5.47
"589",2015-03-27,"济南",NA,NA,NA,NA
"590",2015-04-11,"济南",NA,NA,NA,NA
"591",2015-04-25,"济南",NA,6.31,6.77,5.93
"592",2015-05-12,"济南",NA,6.51,6.99,6.14
"593",2015-06-09,"济南",NA,6.42,6.89,6.05
"594",2015-07-08,"济南",NA,NA,NA,NA
"595",2015-07-22,"济南",NA,6.14,6.58,5.43
"596",2015-08-05,"济南",NA,5.96,6.39,5.56
"597",2015-08-19,"济南",NA,5.79,6.21,5.37
"598",2015-09-02,"济南",NA,5.69,6.1,5.28
"599",2015-09-17,"济南",NA,NA,NA,NA
"600",2015-10-21,"济南",5.39,5.8,6.22,5.4
"601",2015-11-04,"济南",NA,5.7,6.12,5.29
"602",2015-11-18,"济南",NA,5.63,6.04,5.22
"603",2015-12-02,"济南",NA,5.52,5.92,5.1
"604",2016-01-14,"济南",NA,5.54,5.94,4.99
"605",2016-04-27,"济南",NA,NA,NA,NA
"606",2016-05-12,"济南",NA,5.77,NA,5.36
"607",2016-05-26,"济南",NA,NA,NA,NA
"608",2016-07-22,"济南",NA,NA,NA,NA
"609",2016-08-05,"济南",NA,NA,NA,NA
"610",2016-08-19,"济南",NA,NA,NA,NA
"611",2016-09-02,"济南",NA,NA,NA,NA
"612",2016-09-19,"济南",NA,NA,NA,NA
"613",2016-10-20,"济南",NA,NA,NA,NA
"614",2016-11-17,"济南",NA,NA,NA,NA
"615",2016-12-01,"济南",NA,NA,NA,NA
"616",2016-12-15,"济南",NA,NA,NA,NA
"617",2009-01-15,"浙江",NA,NA,NA,NA
"618",2009-03-25,"浙江",4.82,5.17,5.47,4.96
"619",2009-06-01,"浙江",5.11,5.49,5.82,5.3
"620",2009-06-30,"浙江",5.58,5.98,6.35,5.81
"621",2009-07-29,"浙江",5.42,5.8,6.16,5.63
"622",2009-09-02,"浙江",5.64,6.04,6.42,5.88
"623",2009-09-30,"浙江",5.5,5.89,6.26,5.72
"624",2009-11-10,"浙江",5.85,6.27,6.66,6.13
"625",2010-04-14,"浙江",NA,6.53,NA,6.4
"626",2010-06-01,"浙江",5.92,6.35,6.75,6.22
"627",2010-10-26,"浙江",6.09,6.51,6.9,6.4
"628",2010-12-22,"浙江",6.32,6.78,7.2,6.66
"629",2011-02-20,"浙江",6.58,7.04,7.5,6.96
"630",2011-04-07,"浙江",6.95,7.44,7.93,7.3
"631",2011-10-09,"浙江",6.73,7.2,7.67,7.04
"632",2012-02-08,"浙江",6.95,7.44,7.93,7.3
"633",2012-03-20,"浙江",7.39,7.94,8.44,7.81
"634",2012-05-10,"浙江",7.15,7.68,8.16,7.55
"635",2012-06-09,"浙江",6.76,7.27,7.72,7.11
"636",2012-07-11,"浙江",6.45,6.93,7.37,6.77
"637",2012-08-10,"浙江",6.73,7.24,7.69,7.09
"638",2012-09-11,"浙江",7.14,7.68,8.15,7.55
"639",2012-11-16,"浙江",6.91,7.43,7.9,7.29
"640",2013-02-25,"浙江",7.13,7.68,8.15,7.55
"641",2013-03-27,"浙江",6.9,7.43,7.89,7.29
"642",2013-04-25,"浙江",6.61,7.12,7.56,6.95
"643",2013-05-10,"浙江",6.68,7.2,7.64,7.03
"644",2013-06-07,"浙江",6.61,7.12,7.56,6.96
"645",2013-06-21,"浙江",6.68,7.19,7.64,7.03
"646",2013-07-06,"浙江",6.63,7.14,7.57,6.97
"647",2013-07-20,"浙江",6.87,7.4,7.85,7.24
"648",2013-08-31,"浙江",7.04,7.58,8.05,7.43
"649",2013-09-14,"浙江",7.11,7.66,8.12,7.5
"650",2013-09-30,"浙江",6.93,7.46,7.91,7.3
"651",2013-11-01,"浙江",6.87,7.4,7.85,7.24
"652",2013-11-15,"浙江",6.75,7.27,7.72,7.1
"653",2013-11-29,"浙江",6.87,7.4,7.85,7.24
"654",2013-12-13,"浙江",6.92,7.45,7.9,7.29
"655",2014-01-11,"浙江",7.04,7.58,8.04,7.19
"656",2014-01-25,"浙江",6.94,7.48,7.93,7.08
"657",2014-02-27,"浙江",7.09,7.64,8.1,7.25
"658",2014-03-27,"浙江",6.99,7.53,7.99,7.14
"659",2014-04-25,"浙江",7.11,7.66,8.12,7.26
"660",2014-05-09,"浙江",7.07,7.62,8.08,7.22
"661",2014-05-23,"浙江",7.12,7.67,8.14,7.28
"662",2014-06-24,"浙江",7.24,7.8,8.28,7.42
"663",2014-07-22,"浙江",NA,7.61,8.07,7.22
"664",2014-08-19,"浙江",6.92,NA,7.91,7.06
"665",2014-09-02,"浙江",6.85,7.37,7.82,6.97
"666",2014-09-17,"浙江",6.74,7.26,7.7,6.86
"667",2014-09-30,"浙江",6.67,7.18,7.62,6.78
"668",2014-10-18,"浙江",6.41,6.94,7.37,6.53
"669",2014-11-01,"浙江",6.26,6.75,7.16,6.33
"670",2014-11-15,"浙江",6.12,6.6,7,6.17
"671",2014-12-13,"浙江",6,6.46,6.86,5.83
"672",2014-12-27,"浙江",5.61,6.05,6.41,5.4
"673",2015-01-13,"浙江",5.48,NA,6.26,NA
"674",2015-01-27,"浙江",5.21,5.61,5.95,NA
"675",2015-02-10,"浙江",5.42,5.84,6.2,5.46
"676",2015-02-28,"浙江",5.84,6.3,6.68,5.78
"677",2015-03-27,"浙江",5.54,5.96,6.48,5.59
"678",2015-04-11,"浙江",5.62,6.2,6.58,5.68
"679",2015-04-25,"浙江",5.85,6.44,6.83,5.93
"680",2015-05-12,"浙江",6.03,6.65,7.05,6.14
"681",2015-06-09,"浙江",5.95,6.56,6.96,6.05
"682",2015-07-08,"浙江",5.88,6.34,6.72,5.97
"683",2015-07-22,"浙江",5.69,6.13,6.5,5.74
"684",2015-08-05,"浙江",5.52,5.95,6.31,5.56
"685",2015-08-19,"浙江",5.37,5.78,6.14,5.38
"686",2015-09-02,"浙江",NA,5.68,6.03,5.28
"687",2015-09-17,"浙江",5.34,5.76,6.1,5.36
"688",2015-10-21,"浙江",5.38,5.79,6.15,5.4
"689",2015-11-04,"浙江",5.29,5.7,6.04,5.29
"690",2015-11-18,"浙江",5.22,5.63,5.97,5.23
"691",2015-12-02,"浙江",5.12,5.51,5.85,5.11
"692",2016-01-14,"浙江",5.14,5.54,5.9,5.13
"693",2016-04-27,"浙江",5.26,5.68,6.04,5.26
"694",2016-05-12,"浙江",5.35,5.77,6.14,5.36
"695",2016-05-26,"浙江",5.51,5.94,6.32,5.53
"696",2016-07-22,"浙江",5.47,5.9,6.28,5.5
"697",2016-08-05,"浙江",5.31,5.73,6.09,5.32
"698",2016-08-19,"浙江",5.44,5.87,6.24,5.46
"699",2016-09-02,"浙江",NA,NA,NA,NA
"700",2016-09-19,"浙江",NA,NA,NA,NA
"701",2016-10-20,"浙江",NA,NA,NA,NA
"702",2016-11-17,"浙江",NA,NA,NA,NA
"703",2016-12-01,"浙江",NA,NA,NA,NA
"704",2016-12-15,"浙江",NA,NA,NA,NA
"705",2009-01-15,"西安",NA,NA,NA,NA
"706",2009-03-25,"西安",NA,NA,NA,NA
"707",2009-06-01,"西安",NA,NA,NA,NA
"708",2009-06-30,"西安",NA,5.94,6.27,5.74
"709",2009-07-29,"西安",NA,5.76,NA,5.55
"710",2009-09-02,"西安",NA,6,NA,NA
"711",2009-09-30,"西安",5.52,5.85,6.18,5.65
"712",2009-11-10,"西安",5.88,6.23,6.59,6.06
"713",2010-04-14,"西安",6.12,6.49,6.85,6.33
"714",2010-06-01,"西安",5.94,6.3,6.67,NA
"715",2010-10-26,"西安",6.12,6.49,6.85,NA
"716",2010-12-22,"西安",6.35,6.73,7.11,6.58
"717",2011-02-20,"西安",6.61,7.01,7.41,6.88
"718",2011-04-07,"西安",6.98,7.41,7.84,7.22
"719",2011-10-09,"西安",6.76,7.17,7.58,6.96
"720",2012-02-08,"西安",6.98,7.41,7.84,7.22
"721",2012-03-20,"西安",7.44,7.89,8.33,7.73
"722",2012-05-10,"西安",7.19,7.62,8.06,7.47
"723",2012-06-09,"西安",6.78,7.2,7.61,7.05
"724",2012-07-11,"西安",6.48,6.87,7.26,6.69
"725",2012-08-10,"西安",6.77,7.18,7.59,7.01
"726",2012-09-11,"西安",7.19,7.62,8.05,7.47
"727",2012-11-16,"西安",6.95,7.37,7.79,7.21
"728",2013-02-25,"西安",7.18,7.61,8.04,7.46
"729",2013-03-27,"西安",6.95,7.36,7.78,7.21
"730",2013-04-25,"西安",6.65,7.05,7.45,6.86
"731",2013-05-10,"西安",6.72,7.12,7.53,6.94
"732",2013-06-07,"西安",6.65,7.05,7.45,6.87
"733",2013-06-21,"西安",6.71,7.13,7.53,6.95
"734",2013-07-06,"西安",6.66,7.06,7.46,6.89
"735",2013-07-20,"西安",6.91,7.32,7.74,7.15
"736",2013-08-31,"西安",7.08,7.51,7.93,7.34
"737",2013-09-14,"西安",7.15,7.58,8.01,7.41
"738",2013-09-30,"西安",6.97,7.39,7.8,7.21
"739",2013-11-01,"西安",6.91,7.33,7.74,7.15
"740",2013-11-15,"西安",6.79,7.2,7.61,7.02
"741",2013-11-29,"西安",6.91,7.33,7.74,7.15
"742",2013-12-13,"西安",NA,7.37,NA,7.2
"743",2014-01-11,"西安",7.08,7.5,7.93,7.1
"744",2014-01-25,"西安",NA,7.4,7.82,6.99
"745",2014-02-27,"西安",NA,7.56,7.99,7.16
"746",2014-03-27,"西安",NA,7.46,7.88,7.05
"747",2014-04-25,"西安",NA,7.58,8.01,7.17
"748",2014-05-09,"西安",7.11,7.54,7.97,7.13
"749",2014-05-23,"西安",7.17,7.6,8.03,7.19
"750",2014-06-24,"西安",7.29,7.73,8.16,7.33
"751",2014-07-22,"西安",NA,7.53,7.96,7.13
"752",2014-08-19,"西安",NA,7.38,7.8,6.97
"753",2014-09-02,"西安",NA,7.3,7.71,6.89
"754",2014-09-17,"西安",6.78,7.19,7.59,6.77
"755",2014-09-30,"西安",NA,7.11,7.51,6.69
"756",2014-10-18,"西安",6.91,6.87,7.34,6.44
"757",2014-11-01,"西安",NA,6.67,7.05,6.24
"758",2014-11-15,"西安",NA,6.52,6.89,6.09
"759",2014-12-13,"西安",NA,6.39,6.75,5.75
"760",2014-12-27,"西安",NA,NA,NA,5.78
"761",2015-01-13,"西安",NA,NA,NA,5.58
"762",2015-01-27,"西安",NA,NA,NA,5.28
"763",2015-02-10,"西安",NA,NA,NA,5.52
"764",2015-02-28,"西安",5.87,6.22,6.57,5.84
"765",2015-03-27,"西安",NA,6.03,6.37,5.64
"766",2015-04-11,"西安",NA,6.12,NA,5.74
"767",2015-04-25,"西安",NA,6.36,6.72,5.98
"768",2015-05-12,"西安",NA,6.56,NA,6.19
"769",2015-06-09,"西安",6.11,6.48,6.84,6.1
"770",2015-07-08,"西安",NA,6.4,NA,6.03
"771",2015-07-22,"西安",NA,6.19,NA,5.8
"772",2015-08-05,"西安",NA,6.01,NA,5.62
"773",2015-08-19,"西安",NA,5.85,NA,5.44
"774",2015-09-02,"西安",NA,5.75,NA,5.34
"775",2015-09-17,"西安",NA,5.82,NA,5.42
"776",2015-10-21,"西安",NA,5.86,5.94,5.46
"777",2015-11-04,"西安",NA,5.76,5.84,5.36
"778",2015-11-18,"西安",NA,5.69,NA,5.29
"779",2015-12-02,"西安",NA,5.58,NA,5.17
"780",2016-01-14,"西安",NA,5.47,NA,5.05
"781",2016-04-27,"西安",NA,5.6,NA,5.19
"782",2016-05-12,"西安",NA,5.69,6.01,5.29
"783",2016-05-26,"西安",NA,NA,NA,NA
"784",2016-07-22,"西安",NA,NA,NA,NA
"785",2016-08-05,"西安",NA,NA,NA,NA
"786",2016-08-19,"西安",NA,NA,NA,NA
"787",2016-09-02,"西安",NA,NA,NA,NA
"788",2016-09-19,"西安",NA,NA,NA,NA
"789",2016-10-20,"西安",NA,NA,NA,NA
"790",2016-11-17,"西安",NA,NA,NA,NA
"791",2016-12-01,"西安",NA,NA,NA,NA
"792",2016-12-15,"西安",NA,NA,NA,NA
"793",2009-01-15,"重庆",4.81,NA,NA,4.9
"794",2009-03-25,"重庆",NA,NA,NA,NA
"795",2009-06-01,"重庆",NA,5.63,5.95,NA
"796",2009-06-30,"重庆",NA,6.11,6.46,NA
"797",2009-07-29,"重庆",5.61,5.94,6.27,5.72
"798",2009-09-02,"重庆",5.84,6.17,6.52,5.97
"799",2009-09-30,"重庆",5.69,6.02,6.36,5.81
"800",2009-11-10,"重庆",6.06,6.41,6.78,6.23
"801",2010-04-14,"重庆",6.3,6.67,7.04,6.5
"802",2010-06-01,"重庆",6.13,6.48,6.85,6.31
"803",2010-10-26,"重庆",6.3,6.67,7.04,6.5
"804",2010-12-22,"重庆",6.54,6.91,7.3,6.76
"805",2011-02-20,"重庆",6.8,7.19,7.6,7.06
"806",2011-04-07,"重庆",7.18,7.59,8.02,7.39
"807",2011-10-09,"重庆",6.95,7.35,7.77,7.14
"808",2012-02-08,"重庆",7.17,7.59,8.03,7.4
"809",2012-03-20,"重庆",7.63,8.07,8.52,7.92
"810",2012-05-10,"重庆",7.38,7.8,8.24,7.64
"811",2012-06-09,"重庆",6.98,7.38,7.8,7.21
"812",2012-07-11,"重庆",6.66,7.05,7.38,6.87
"813",2012-08-10,"重庆",6.96,7.36,7.7,7.19
"814",2012-09-11,"重庆",7.37,7.8,8.16,7.65
"815",2012-11-16,"重庆",7.14,7.55,7.98,7.39
"816",2013-02-25,"重庆",7.36,7.79,8.23,7.63
"817",2013-03-27,"重庆",7.13,7.54,7.97,7.38
"818",2013-04-25,"重庆",6.84,7.23,7.64,7.03
"819",2013-05-10,"重庆",6.91,7.3,7.72,7.11
"820",2013-06-07,"重庆",6.84,7.23,7.64,7.04
"821",2013-06-21,"重庆",6.91,7.31,7.72,7.12
"822",2013-07-06,"重庆",6.85,7.24,7.65,7.06
"823",2013-07-20,"重庆",6.91,7.5,7.93,7.32
"824",2013-08-31,"重庆",7.27,7.69,8.12,7.51
"825",2013-09-14,"重庆",7.34,7.76,8.2,7.59
"826",2013-09-30,"重庆",7.15,7.56,7.99,7.39
"827",2013-11-01,"重庆",7.1,7.51,7.93,7.32
"828",2013-11-15,"重庆",6.91,7.38,7.8,7.19
"829",2013-11-29,"重庆",NA,7.51,7.93,7.32
"830",2013-12-13,"重庆",7.14,7.55,7.98,7.37
"831",2014-01-11,"重庆",7.05,7.45,7.88,7.27
"832",2014-01-25,"重庆",6.95,7.35,7.77,7.16
"833",2014-02-27,"重庆",7.1,7.51,7.94,7.33
"834",2014-03-27,"重庆",7,7.41,7.82,7.22
"835",2014-04-25,"重庆",7.12,7.53,7.96,7.35
"836",2014-05-09,"重庆",7.08,7.49,7.91,7.3
"837",2014-05-23,"重庆",7.13,7.54,7.97,7.36
"838",2014-06-24,"重庆",7.26,7.68,8.11,7.5
"839",2014-07-22,"重庆",NA,7.48,7.9,NA
"840",2014-08-19,"重庆",7.29,NA,NA,7.14
"841",2014-09-02,"重庆",NA,7.25,NA,7.06
"842",2014-09-17,"重庆",6.75,7.14,7.54,6.94
"843",2014-09-30,"重庆",NA,7.06,7.46,6.86
"844",2014-10-18,"重庆",7.29,NA,NA,6.62
"845",2014-11-01,"重庆",NA,6.85,7.24,NA
"846",2014-11-15,"重庆",NA,6.7,7.08,NA
"847",2014-12-13,"重庆",NA,6.57,6.94,6.24
"848",2014-12-27,"重庆",5.82,6.15,6.5,5.81
"849",2015-01-13,"重庆",5.68,6.01,6.35,5.62
"850",2015-01-27,"重庆",NA,5.72,6.04,5.32
"851",2015-02-10,"重庆",5.63,5.95,6.29,5.56
"852",2015-02-28,"重庆",5.92,6.26,6.62,5.88
"853",2015-03-27,"重庆",NA,6.07,6.41,5.68
"854",2015-04-11,"重庆",NA,6.17,6.52,5.78
"855",2015-04-25,"重庆",NA,6.4,6.77,NA
"856",2015-05-12,"重庆",6.25,6.61,6.98,6.23
"857",2015-06-09,"重庆",6.16,6.52,6.89,6.14
"858",2015-07-08,"重庆",NA,6.44,6.81,6.06
"859",2015-07-22,"重庆",NA,6.23,6.59,5.84
"860",2015-08-05,"重庆",NA,6.06,6.4,5.65
"861",2015-08-19,"重庆",5.57,5.89,6.23,5.48
"862",2015-09-02,"重庆",NA,5.79,6.12,5.38
"863",2015-09-17,"重庆",NA,NA,NA,NA
"864",2015-10-21,"重庆",5.58,5.9,6.24,5.49
"865",2015-11-04,"重庆",5.49,5.8,6.13,5.39
"866",2015-11-18,"重庆",5.42,5.74,6.06,5.32
"867",2015-12-02,"重庆",5.32,5.62,5.94,5.2
"868",2016-01-14,"重庆",5.21,5.51,5.82,5.09
"869",2016-04-27,"重庆",5.33,5.64,5.96,5.23
"870",2016-05-12,"重庆",5.42,5.74,6.06,5.32
"871",2016-05-26,"重庆",5.58,5.9,6.24,5.49
"872",2016-07-22,"重庆",5.55,5.87,6.2,5.46
"873",2016-08-05,"重庆",5.38,5.69,6.02,5.28
"874",2016-08-19,"重庆",5.51,5.83,6.16,5.42
"875",2016-09-02,"重庆",5.67,6,6.33,5.59
"876",2016-09-19,"重庆",5.55,5.87,6.2,5.46
"877",2016-10-20,"重庆",5.82,6.15,6.5,5.75
"878",2016-11-17,"重庆",5.54,5.86,6.2,5.45
"879",2016-12-01,"重庆",5.68,6,6.34,5.6
"880",2016-12-15,"重庆",6,6.35,6.71,5.95
"881",2009-01-15,"青岛",NA,NA,NA,NA
"882",2009-03-25,"青岛",4.85,5.22,5.6,NA
"883",2009-06-01,"青岛",NA,NA,NA,NA
"884",2009-06-30,"青岛",5.59,6.02,6.46,5.82
"885",2009-07-29,"青岛",5.43,5.84,NA,NA
"886",2009-09-02,"青岛",NA,NA,NA,NA
"887",2009-09-30,"青岛",5.41,5.83,6.26,5.63
"888",2009-11-10,"青岛",5.87,6.32,6.78,5.8
"889",2010-04-14,"青岛",6.11,6.57,7.05,6.42
"890",2010-06-01,"青岛",NA,NA,NA,NA
"891",2010-10-26,"青岛",NA,NA,NA,NA
"892",2010-12-22,"青岛",NA,NA,NA,NA
"893",2011-02-20,"青岛",NA,7.1,NA,NA
"894",2011-04-07,"青岛",6.97,7.5,8.05,7.32
"895",2011-10-09,"青岛",6.75,7.2,7.72,7.06
"896",2012-02-08,"青岛",NA,7.5,8.05,7.32
"897",2012-03-20,"青岛",7.41,7.88,8.42,7.84
"898",2012-05-10,"青岛",7.17,7.62,8.14,7.58
"899",2012-06-09,"青岛",6.77,7.2,7.69,7.15
"900",2012-07-11,"青岛",6.46,6.96,7.47,6.79
"901",2012-08-10,"青岛",6.75,7.27,7.8,7.11
"902",2012-09-11,"青岛",NA,7.71,8.28,7.57
"903",2012-11-16,"青岛",NA,7.46,8.01,7.31
"904",2013-02-25,"青岛",7.15,7.71,8.27,7.56
"905",2013-03-27,"青岛",6.92,7.46,8,7.31
"906",2013-04-25,"青岛",6.63,7.14,7.66,6.96
"907",2013-05-10,"青岛",NA,7.22,7.74,7.04
"908",2013-06-07,"青岛",6.63,7.14,7.66,6.97
"909",2013-06-21,"青岛",6.7,7.22,7.74,7.04
"910",2013-07-06,"青岛",NA,7.16,7.68,6.98
"911",2013-07-20,"青岛",NA,7.42,7.96,7.25
"912",2013-08-31,"青岛",NA,7.6,8.16,7.44
"913",2013-09-14,"青岛",NA,7.68,8.24,7.52
"914",2013-09-30,"青岛",NA,NA,NA,NA
"915",2013-11-01,"青岛",NA,7.42,7.96,7.25
"916",2013-11-15,"青岛",6.81,7.29,7.82,7.12
"917",2013-11-29,"青岛",NA,7.42,7.96,7.25
"918",2013-12-13,"青岛",NA,7.47,8.01,7.3
"919",2014-01-11,"青岛",NA,7.6,8.15,7.2
"920",2014-01-25,"青岛",NA,7.5,8.04,7.09
"921",2014-02-27,"青岛",NA,7.66,8.22,7.26
"922",2014-03-27,"青岛",NA,7.55,8.1,NA
"923",2014-04-25,"青岛",NA,7.68,8.24,7.28
"924",2014-05-09,"青岛",NA,7.64,8.19,7.23
"925",2014-05-23,"青岛",NA,NA,NA,NA
"926",2014-06-24,"青岛",NA,7.83,8.4,7.43
"927",2014-07-22,"青岛",NA,7.63,8.18,7.23
"928",2014-08-19,"青岛",6.95,7.48,8.02,7.07
"929",2014-09-02,"青岛",NA,7.39,7.93,6.98
"930",2014-09-17,"青岛",NA,7.28,7.81,6.87
"931",2014-09-30,"青岛",NA,7.2,7.72,6.78
"932",2014-10-18,"青岛",6.81,6.96,7.47,6.53
"933",2014-11-01,"青岛",NA,6.76,7.25,6.33
"934",2014-11-15,"青岛",NA,6.61,7.09,6.18
"935",2014-12-13,"青岛",NA,6.47,NA,5.83
"936",2014-12-27,"青岛",6.81,6.05,6.5,5.4
"937",2015-01-13,"青岛",NA,5.91,6.34,5.2
"938",2015-01-27,"青岛",NA,5.62,6.03,4.9
"939",2015-02-10,"青岛",NA,5.85,6.28,5.14
"940",2015-02-28,"青岛",NA,6.16,6.61,5.47
"941",2015-03-27,"青岛",NA,5.97,6.41,5.27
"942",2015-04-11,"青岛",NA,6.07,6.51,5.69
"943",2015-04-25,"青岛",NA,6.31,6.77,5.81
"944",2015-05-12,"青岛",6.05,6.51,6.99,6.14
"945",2015-06-09,"青岛",NA,6.42,6.89,5.93
"946",2015-07-08,"青岛",NA,6.35,6.81,5.66
"947",2015-07-22,"青岛",NA,6.14,NA,5.43
"948",2015-08-05,"青岛",NA,5.96,6.39,5.24
"949",2015-08-19,"青岛",NA,5.79,6.21,5.06
"950",2015-09-02,"青岛",NA,NA,NA,NA
"951",2015-09-17,"青岛",NA,5.8,6.22,5.4
"952",2015-10-21,"青岛",5.39,5.8,5.97,NA
"953",2015-11-04,"青岛",NA,5.7,NA,5.4
"954",2015-11-18,"青岛",NA,5.63,6.04,5.22
"955",2015-12-02,"青岛",NA,5.52,5.92,5.1
"956",2016-01-14,"青岛",NA,5.54,5.94,4.99
"957",2016-04-27,"青岛",NA,NA,NA,NA
"958",2016-05-12,"青岛",5.36,5.77,6.19,5.36
"959",2016-05-26,"青岛",NA,NA,NA,NA
"960",2016-07-22,"青岛",NA,NA,NA,NA
"961",2016-08-05,"青岛",NA,NA,NA,NA
"962",2016-08-19,"青岛",NA,NA,NA,NA
"963",2016-09-02,"青岛",NA,NA,NA,NA
"964",2016-09-19,"青岛",NA,NA,NA,NA
"965",2016-10-20,"青岛",NA,NA,NA,NA
"966",2016-11-17,"青岛",NA,NA,NA,NA
"967",2016-12-01,"青岛",NA,NA,NA,NA
"968",2016-12-15,"青岛",NA,NA,NA,NA
