"","Date","Price","Country"
"1",2013-02-25,7.99,"China"
"2",2013-03-27,7.74,"China"
"3",2013-04-25,7.43,"China"
"4",2013-05-10,7.5,"China"
"5",2013-06-07,7.43,"China"
"6",2013-06-21,7.51,"China"
"7",2013-07-06,7.44,"China"
"8",2013-07-20,7.7,"China"
"9",2013-08-31,7.89,"China"
"10",2013-09-14,7.96,"China"
"11",2013-09-30,7.77,"China"
"12",2013-11-01,7.75,"China"
"13",2013-11-15,7.63,"China"
"14",2013-11-29,7.77,"China"
"15",2013-12-13,7.82,"China"
"16",2014-01-11,7.72,"China"
"17",2014-01-25,7.61,"China"
"18",2014-02-27,7.78,"China"
"19",2014-03-27,7.67,"China"
"20",2014-04-25,7.79,"China"
"21",2014-05-09,7.75,"China"
"22",2014-05-23,7.81,"China"
"23",2014-06-24,7.94,"China"
"24",2014-07-22,7.75,"China"
"25",2014-08-19,7.59,"China"
"26",2014-09-02,7.51,"China"
"27",2014-09-17,7.4,"China"
"28",2014-09-30,7.32,"China"
"29",2014-10-18,7.08,"China"
"30",2014-11-01,6.88,"China"
"31",2014-11-15,6.73,"China"
"32",2014-12-13,6.59,"China"
"33",2014-12-27,6.18,"China"
"34",2015-01-13,6.03,"China"
"35",2015-01-27,5.74,"China"
"36",2015-02-10,5.97,"China"
"37",2015-02-28,6.28,"China"
"38",2015-03-27,6.09,"China"
"39",2015-04-11,6.19,"China"
"40",2015-04-25,6.43,"China"
"41",2015-05-12,6.63,"China"
"42",2015-06-09,6.55,"China"
"43",2015-07-08,6.47,"China"
"44",2015-07-22,6.26,"China"
"45",2015-08-05,6.08,"China"
"46",2015-08-19,5.91,"China"
"47",2015-09-02,5.81,"China"
"48",2015-09-17,5.88,"China"
"49",2015-10-21,5.92,"China"
"50",2015-11-04,5.82,"China"
"51",2015-11-18,5.76,"China"
"52",2015-12-02,5.64,"China"
"53",2016-01-14,5.53,"China"
"54",2016-04-27,5.66,"China"
"55",2016-05-12,5.76,"China"
"56",2016-05-26,5.92,"China"
"57",2016-07-22,5.89,"China"
"58",2016-08-05,5.71,"China"
"59",2016-08-19,5.85,"China"
"60",2016-09-02,6.02,"China"
"61",2016-09-19,5.89,"China"
"62",2016-10-20,6.18,"China"
"63",2016-11-17,5.88,"China"
"64",2016-12-01,6.03,"China"
"65",2016-12-15,6.37,"China"
"66",2013-01-01,220.85522173913,"Thailand"
"67",2013-02-01,220.149717391304,"Thailand"
"68",2013-03-01,222.325054347826,"Thailand"
"69",2013-04-01,212.097536956522,"Thailand"
"70",2013-05-01,211.791817021277,"Thailand"
"71",2013-06-01,214.508684782609,"Thailand"
"72",2013-07-01,216.507504255319,"Thailand"
"73",2013-08-01,214.918123404255,"Thailand"
"74",2013-09-01,212.798580851064,"Thailand"
"75",2013-10-01,213.403947916667,"Thailand"
"76",2013-11-01,217.55440625,"Thailand"
"77",2013-12-01,219.66658125,"Thailand"
"78",2014-01-01,216.889640816327,"Thailand"
"79",2014-02-01,216.379895918367,"Thailand"
"80",2014-03-01,216.149534693878,"Thailand"
"81",2014-04-01,215.873557142857,"Thailand"
"82",2014-05-01,212.125422,"Thailand"
"83",2014-06-01,216.242532653061,"Thailand"
"84",2014-07-01,213.457863265306,"Thailand"
"85",2014-08-01,208.235544680851,"Thailand"
"86",2014-09-01,208.1993,"Thailand"
"87",2014-10-01,210.588265306122,"Thailand"
"88",2014-11-01,212.416924489796,"Thailand"
"89",2014-12-01,213.363404081633,"Thailand"
"90",2015-01-01,209.005069387755,"Thailand"
"91",2015-02-01,209.169263461538,"Thailand"
"92",2015-03-01,212.09702745098,"Thailand"
"93",2015-04-01,206.373628,"Thailand"
"94",2015-05-01,199.229784313725,"Thailand"
"95",2015-06-01,202.041476470588,"Thailand"
"96",2015-07-01,206.434261538462,"Thailand"
"97",2015-08-01,201.277567307692,"Thailand"
"98",2015-09-01,212.709267307692,"Thailand"
"99",2015-10-01,177.208375,"Thailand"
"100",2015-11-01,179.008219230769,"Thailand"
"101",2015-12-01,179.539713461538,"Thailand"
"102",2016-01-01,179.868852941176,"Thailand"
"103",2016-02-01,179.483480392157,"Thailand"
"104",2016-03-01,179.484352830189,"Thailand"
"105",2016-04-01,172.103988461538,"Thailand"
"106",2016-05-01,174.60707037037,"Thailand"
"107",2016-06-01,174.842768518519,"Thailand"
"108",2016-07-01,174.96575,"Thailand"
"109",2016-08-01,170.497914814815,"Thailand"
"110",2016-09-01,170.719751851852,"Thailand"
"111",2016-10-01,153.740759259259,"Thailand"
"112",2016-11-01,156.164611111111,"Thailand"
"113",2013-01-01,143.52,"Austrilia"
"114",2013-01-02,145.568,"Austrilia"
"115",2013-01-03,145.302,"Austrilia"
"116",2013-01-04,145.537,"Austrilia"
"117",2013-01-07,145.662,"Austrilia"
"118",2013-01-08,145.677,"Austrilia"
"119",2013-01-09,145.474,"Austrilia"
"120",2013-01-10,146.615,"Austrilia"
"121",2013-01-11,146.287,"Austrilia"
"122",2013-01-14,147.334,"Austrilia"
"123",2013-01-15,145.755,"Austrilia"
"124",2013-01-16,147.35,"Austrilia"
"125",2013-01-17,149.241,"Austrilia"
"126",2013-01-18,149.428,"Austrilia"
"127",2013-01-21,149.428,"Austrilia"
"128",2013-01-22,150.178,"Austrilia"
"129",2013-01-23,148.569,"Austrilia"
"130",2013-01-24,149.022,"Austrilia"
"131",2013-01-25,148.709,"Austrilia"
"132",2013-01-28,149.96,"Austrilia"
"133",2013-01-29,152.57,"Austrilia"
"134",2013-01-30,153.132,"Austrilia"
"135",2013-01-31,152.617,"Austrilia"
"136",2013-02-01,152.32,"Austrilia"
"137",2013-02-04,150.366,"Austrilia"
"138",2013-02-05,151.101,"Austrilia"
"139",2013-02-06,150.725,"Austrilia"
"140",2013-02-07,149.788,"Austrilia"
"141",2013-02-08,149.585,"Austrilia"
"142",2013-02-11,151.616,"Austrilia"
"143",2013-02-12,152.351,"Austrilia"
"144",2013-02-13,151.648,"Austrilia"
"145",2013-02-14,152.07,"Austrilia"
"146",2013-02-15,149.96,"Austrilia"
"147",2013-02-18,149.96,"Austrilia"
"148",2013-02-19,151.116,"Austrilia"
"149",2013-02-20,148.35,"Austrilia"
"150",2013-02-21,145.021,"Austrilia"
"151",2013-02-22,145.537,"Austrilia"
"152",2013-02-25,144.943,"Austrilia"
"153",2013-02-26,144.771,"Austrilia"
"154",2013-02-27,145.099,"Austrilia"
"155",2013-02-28,143.833,"Austrilia"
"156",2013-03-01,141.77,"Austrilia"
"157",2013-03-04,140.864,"Austrilia"
"158",2013-03-05,142.036,"Austrilia"
"159",2013-03-06,141.395,"Austrilia"
"160",2013-03-07,143.052,"Austrilia"
"161",2013-03-08,143.802,"Austrilia"
"162",2013-03-11,143.896,"Austrilia"
"163",2013-03-12,144.474,"Austrilia"
"164",2013-03-13,144.521,"Austrilia"
"165",2013-03-14,145.396,"Austrilia"
"166",2013-03-15,146.115,"Austrilia"
"167",2013-03-18,146.459,"Austrilia"
"168",2013-03-19,144.474,"Austrilia"
"169",2013-03-20,145.677,"Austrilia"
"170",2013-03-21,144.505,"Austrilia"
"171",2013-03-22,145.99,"Austrilia"
"172",2013-03-25,147.772,"Austrilia"
"173",2013-03-26,150.022,"Austrilia"
"174",2013-03-27,150.866,"Austrilia"
"175",2013-03-28,151.976,"Austrilia"
"176",2013-03-29,151.976,"Austrilia"
"177",2013-04-01,151.757,"Austrilia"
"178",2013-04-02,151.96,"Austrilia"
"179",2013-04-03,148.506,"Austrilia"
"180",2013-04-04,145.755,"Austrilia"
"181",2013-04-05,144.974,"Austrilia"
"182",2013-04-08,145.912,"Austrilia"
"183",2013-04-09,147.193,"Austrilia"
"184",2013-04-10,147.834,"Austrilia"
"185",2013-04-11,146.037,"Austrilia"
"186",2013-04-12,142.583,"Austrilia"
"187",2013-04-15,138.707,"Austrilia"
"188",2013-04-16,138.676,"Austrilia"
"189",2013-04-17,135.425,"Austrilia"
"190",2013-04-18,137.269,"Austrilia"
"191",2013-04-19,137.597,"Austrilia"
"192",2013-04-22,138.801,"Austrilia"
"193",2013-04-23,139.426,"Austrilia"
"194",2013-04-24,142.333,"Austrilia"
"195",2013-04-25,145.771,"Austrilia"
"196",2013-04-26,144.771,"Austrilia"
"197",2013-04-29,147.053,"Austrilia"
"198",2013-04-30,145.693,"Austrilia"
"199",2013-05-01,141.817,"Austrilia"
"200",2013-05-02,146.443,"Austrilia"
"201",2013-05-03,148.866,"Austrilia"
"202",2013-05-06,149.725,"Austrilia"
"203",2013-05-07,148.912,"Austrilia"
"204",2013-05-08,150.413,"Austrilia"
"205",2013-05-09,150.178,"Austrilia"
"206",2013-05-10,149.741,"Austrilia"
"207",2013-05-13,148.1,"Austrilia"
"208",2013-05-14,146.849,"Austrilia"
"209",2013-05-15,146.834,"Austrilia"
"210",2013-05-16,148.24,"Austrilia"
"211",2013-05-17,149.6,"Austrilia"
"212",2013-05-20,150.491,"Austrilia"
"213",2013-05-21,149.334,"Austrilia"
"214",2013-05-22,146.881,"Austrilia"
"215",2013-05-23,147.1,"Austrilia"
"216",2013-05-24,146.662,"Austrilia"
"217",2013-05-27,146.662,"Austrilia"
"218",2013-05-28,147.928,"Austrilia"
"219",2013-05-29,145.552,"Austrilia"
"220",2013-05-30,146.24,"Austrilia"
"221",2013-05-31,143.677,"Austrilia"
"222",2013-06-03,145.99,"Austrilia"
"223",2013-06-04,145.912,"Austrilia"
"224",2013-06-05,146.381,"Austrilia"
"225",2013-06-06,148.022,"Austrilia"
"226",2013-06-07,150.21,"Austrilia"
"227",2013-06-10,149.756,"Austrilia"
"228",2013-06-11,149.256,"Austrilia"
"229",2013-06-12,150.006,"Austrilia"
"230",2013-06-13,151.069,"Austrilia"
"231",2013-06-14,152.898,"Austrilia"
"232",2013-06-17,152.945,"Austrilia"
"233",2013-06-18,153.882,"Austrilia"
"234",2013-06-19,153.539,"Austrilia"
"235",2013-06-20,148.303,"Austrilia"
"236",2013-06-21,146.615,"Austrilia"
"237",2013-06-24,148.584,"Austrilia"
"238",2013-06-25,148.866,"Austrilia"
"239",2013-06-26,149.209,"Austrilia"
"240",2013-06-27,151.601,"Austrilia"
"241",2013-06-28,150.6,"Austrilia"
"242",2013-07-01,153.07,"Austrilia"
"243",2013-07-02,155.742,"Austrilia"
"244",2013-07-03,159.29,"Austrilia"
"245",2013-07-04,159.29,"Austrilia"
"246",2013-07-05,161.119,"Austrilia"
"247",2013-07-08,161.025,"Austrilia"
"248",2013-07-09,161.697,"Austrilia"
"249",2013-07-10,166.307,"Austrilia"
"250",2013-07-11,163.744,"Austrilia"
"251",2013-07-12,165.432,"Austrilia"
"252",2013-07-15,165.979,"Austrilia"
"253",2013-07-16,165.479,"Austrilia"
"254",2013-07-17,166.276,"Austrilia"
"255",2013-07-18,168.699,"Austrilia"
"256",2013-07-19,168.792,"Austrilia"
"257",2013-07-22,166.62,"Austrilia"
"258",2013-07-23,167.433,"Austrilia"
"259",2013-07-24,164.745,"Austrilia"
"260",2013-07-25,164.838,"Austrilia"
"261",2013-07-26,163.729,"Austrilia"
"262",2013-07-29,163.494,"Austrilia"
"263",2013-07-30,161.197,"Austrilia"
"264",2013-07-31,164.26,"Austrilia"
"265",2013-08-01,168.683,"Austrilia"
"266",2013-08-02,167.136,"Austrilia"
"267",2013-08-05,166.62,"Austrilia"
"268",2013-08-06,164.604,"Austrilia"
"269",2013-08-07,163.182,"Austrilia"
"270",2013-08-08,161.681,"Austrilia"
"271",2013-08-09,165.729,"Austrilia"
"272",2013-08-12,165.964,"Austrilia"
"273",2013-08-13,166.886,"Austrilia"
"274",2013-08-14,167.058,"Austrilia"
"275",2013-08-15,167.902,"Austrilia"
"276",2013-08-16,168.136,"Austrilia"
"277",2013-08-19,167.448,"Austrilia"
"278",2013-08-20,163.947,"Austrilia"
"279",2013-08-21,162.431,"Austrilia"
"280",2013-08-22,163.994,"Austrilia"
"281",2013-08-23,166.417,"Austrilia"
"282",2013-08-26,165.479,"Austrilia"
"283",2013-08-27,170.527,"Austrilia"
"284",2013-08-28,172.184,"Austrilia"
"285",2013-08-29,169.59,"Austrilia"
"286",2013-08-30,168.761,"Austrilia"
"287",2013-09-02,168.761,"Austrilia"
"288",2013-09-03,169.84,"Austrilia"
"289",2013-09-04,167.683,"Austrilia"
"290",2013-09-05,169.574,"Austrilia"
"291",2013-09-06,172.887,"Austrilia"
"292",2013-09-09,171.324,"Austrilia"
"293",2013-09-10,167.98,"Austrilia"
"294",2013-09-11,168.245,"Austrilia"
"295",2013-09-12,169.918,"Austrilia"
"296",2013-09-13,169.277,"Austrilia"
"297",2013-09-16,166.511,"Austrilia"
"298",2013-09-17,164.666,"Austrilia"
"299",2013-09-18,169.152,"Austrilia"
"300",2013-09-19,166.073,"Austrilia"
"301",2013-09-20,163.635,"Austrilia"
"302",2013-09-23,161.947,"Austrilia"
"303",2013-09-24,161.322,"Austrilia"
"304",2013-09-25,160.478,"Austrilia"
"305",2013-09-26,161.134,"Austrilia"
"306",2013-09-27,160.759,"Austrilia"
"307",2013-09-30,159.978,"Austrilia"
"308",2013-10-01,159.556,"Austrilia"
"309",2013-10-02,162.775,"Austrilia"
"310",2013-10-03,161.431,"Austrilia"
"311",2013-10-04,162.275,"Austrilia"
"312",2013-10-07,161.087,"Austrilia"
"313",2013-10-08,161.822,"Austrilia"
"314",2013-10-09,158.837,"Austrilia"
"315",2013-10-10,161.103,"Austrilia"
"316",2013-10-11,159.681,"Austrilia"
"317",2013-10-14,160.134,"Austrilia"
"318",2013-10-15,158.087,"Austrilia"
"319",2013-10-16,159.946,"Austrilia"
"320",2013-10-17,157.415,"Austrilia"
"321",2013-10-18,157.649,"Austrilia"
"322",2013-10-21,155.164,"Austrilia"
"323",2013-10-22,152.585,"Austrilia"
"324",2013-10-23,151.444,"Austrilia"
"325",2013-10-24,151.054,"Austrilia"
"326",2013-10-25,152.226,"Austrilia"
"327",2013-10-28,154.32,"Austrilia"
"328",2013-10-29,153.617,"Austrilia"
"329",2013-10-30,151.304,"Austrilia"
"330",2013-10-31,150.491,"Austrilia"
"331",2013-11-01,147.787,"Austrilia"
"332",2013-11-04,147.818,"Austrilia"
"333",2013-11-05,145.974,"Austrilia"
"334",2013-11-06,148.068,"Austrilia"
"335",2013-11-07,147.303,"Austrilia"
"336",2013-11-08,147.787,"Austrilia"
"337",2013-11-11,148.678,"Austrilia"
"338",2013-11-12,145.537,"Austrilia"
"339",2013-11-13,146.771,"Austrilia"
"340",2013-11-14,146.537,"Austrilia"
"341",2013-11-15,146.599,"Austrilia"
"342",2013-11-18,145.396,"Austrilia"
"343",2013-11-19,145.896,"Austrilia"
"344",2013-11-20,145.88,"Austrilia"
"345",2013-11-21,149.022,"Austrilia"
"346",2013-11-22,147.74,"Austrilia"
"347",2013-11-25,146.693,"Austrilia"
"348",2013-11-26,145.99,"Austrilia"
"349",2013-11-27,143.864,"Austrilia"
"350",2013-11-28,143.864,"Austrilia"
"351",2013-11-29,144.646,"Austrilia"
"352",2013-12-02,146.302,"Austrilia"
"353",2013-12-03,149.772,"Austrilia"
"354",2013-12-04,151.554,"Austrilia"
"355",2013-12-05,151.819,"Austrilia"
"356",2013-12-06,152.351,"Austrilia"
"357",2013-12-09,151.757,"Austrilia"
"358",2013-12-10,153.664,"Austrilia"
"359",2013-12-11,151.991,"Austrilia"
"360",2013-12-12,151.929,"Austrilia"
"361",2013-12-13,150.46,"Austrilia"
"362",2013-12-16,151.882,"Austrilia"
"363",2013-12-17,151.585,"Austrilia"
"364",2013-12-18,152.523,"Austrilia"
"365",2013-12-19,153.789,"Austrilia"
"366",2013-12-20,154.898,"Austrilia"
"367",2013-12-23,154.133,"Austrilia"
"368",2013-12-24,154.523,"Austrilia"
"369",2013-12-25,154.523,"Austrilia"
"370",2013-12-26,155.008,"Austrilia"
"371",2013-12-27,156.196,"Austrilia"
"372",2013-12-30,154.57,"Austrilia"
"373",2013-12-31,153.429,"Austrilia"
"374",2014-01-01,153.429,"Austrilia"
"375",2014-01-02,148.694,"Austrilia"
"376",2014-01-03,146.381,"Austrilia"
"377",2014-01-06,145.537,"Austrilia"
"378",2014-01-07,145.834,"Austrilia"
"379",2014-01-08,143.63,"Austrilia"
"380",2014-01-09,142.786,"Austrilia"
"381",2014-01-10,144.396,"Austrilia"
"382",2014-01-13,142.927,"Austrilia"
"383",2014-01-14,144.021,"Austrilia"
"384",2014-01-15,146.568,"Austrilia"
"385",2014-01-16,146.193,"Austrilia"
"386",2014-01-17,146.849,"Austrilia"
"387",2014-01-20,146.849,"Austrilia"
"388",2014-01-21,147.709,"Austrilia"
"389",2014-01-22,150.585,"Austrilia"
"390",2014-01-23,151.96,"Austrilia"
"391",2014-01-24,151.069,"Austrilia"
"392",2014-01-27,149.756,"Austrilia"
"393",2014-01-28,152.366,"Austrilia"
"394",2014-01-29,152.132,"Austrilia"
"395",2014-01-30,153.554,"Austrilia"
"396",2014-01-31,152.46,"Austrilia"
"397",2014-02-03,150.725,"Austrilia"
"398",2014-02-04,151.976,"Austrilia"
"399",2014-02-05,152.226,"Austrilia"
"400",2014-02-06,152.913,"Austrilia"
"401",2014-02-07,156.258,"Austrilia"
"402",2014-02-10,156.477,"Austrilia"
"403",2014-02-11,156.227,"Austrilia"
"404",2014-02-12,156.883,"Austrilia"
"405",2014-02-13,156.711,"Austrilia"
"406",2014-02-14,156.774,"Austrilia"
"407",2014-02-17,156.774,"Austrilia"
"408",2014-02-18,160.259,"Austrilia"
"409",2014-02-19,161.697,"Austrilia"
"410",2014-02-20,161.291,"Austrilia"
"411",2014-02-21,160.243,"Austrilia"
"412",2014-02-24,161.244,"Austrilia"
"413",2014-02-25,159.728,"Austrilia"
"414",2014-02-26,160.869,"Austrilia"
"415",2014-02-27,160.478,"Austrilia"
"416",2014-02-28,160.79,"Austrilia"
"417",2014-03-03,164.635,"Austrilia"
"418",2014-03-04,161.978,"Austrilia"
"419",2014-03-05,159.024,"Austrilia"
"420",2014-03-06,159.134,"Austrilia"
"421",2014-03-07,160.697,"Austrilia"
"422",2014-03-10,158.462,"Austrilia"
"423",2014-03-11,156.743,"Austrilia"
"424",2014-03-12,153.617,"Austrilia"
"425",2014-03-13,154.054,"Austrilia"
"426",2014-03-14,155.086,"Austrilia"
"427",2014-03-17,153.836,"Austrilia"
"428",2014-03-18,156.414,"Austrilia"
"429",2014-03-19,157.399,"Austrilia"
"430",2014-03-20,155.789,"Austrilia"
"431",2014-03-21,156.242,"Austrilia"
"432",2014-03-24,156.367,"Austrilia"
"433",2014-03-25,155.758,"Austrilia"
"434",2014-03-26,157.243,"Austrilia"
"435",2014-03-27,158.243,"Austrilia"
"436",2014-03-28,158.993,"Austrilia"
"437",2014-03-31,158.743,"Austrilia"
"438",2014-04-01,155.805,"Austrilia"
"439",2014-04-02,155.664,"Austrilia"
"440",2014-04-03,156.743,"Austrilia"
"441",2014-04-04,158.102,"Austrilia"
"442",2014-04-07,156.961,"Austrilia"
"443",2014-04-08,160.306,"Austrilia"
"444",2014-04-09,161.838,"Austrilia"
"445",2014-04-10,161.556,"Austrilia"
"446",2014-04-11,162.041,"Austrilia"
"447",2014-04-14,162.619,"Austrilia"
"448",2014-04-15,162.072,"Austrilia"
"449",2014-04-16,162.088,"Austrilia"
"450",2014-04-17,163.057,"Austrilia"
"451",2014-04-18,163.057,"Austrilia"
"452",2014-04-21,163.088,"Austrilia"
"453",2014-04-22,158.931,"Austrilia"
"454",2014-04-23,158.587,"Austrilia"
"455",2014-04-24,159.728,"Austrilia"
"456",2014-04-25,157.618,"Austrilia"
"457",2014-04-28,158.055,"Austrilia"
"458",2014-04-29,158.727,"Austrilia"
"459",2014-04-30,156.399,"Austrilia"
"460",2014-05-01,155.805,"Austrilia"
"461",2014-05-02,156.43,"Austrilia"
"462",2014-05-05,155.883,"Austrilia"
"463",2014-05-06,155.992,"Austrilia"
"464",2014-05-07,157.946,"Austrilia"
"465",2014-05-08,157.102,"Austrilia"
"466",2014-05-09,156.789,"Austrilia"
"467",2014-05-12,157.68,"Austrilia"
"468",2014-05-13,159.431,"Austrilia"
"469",2014-05-14,160.4,"Austrilia"
"470",2014-05-15,159.009,"Austrilia"
"471",2014-05-16,159.9,"Austrilia"
"472",2014-05-19,160.9,"Austrilia"
"473",2014-05-20,160.665,"Austrilia"
"474",2014-05-21,163.025,"Austrilia"
"475",2014-05-22,162.588,"Austrilia"
"476",2014-05-23,164.119,"Austrilia"
"477",2014-05-26,164.119,"Austrilia"
"478",2014-05-27,163.76,"Austrilia"
"479",2014-05-28,161.556,"Austrilia"
"480",2014-05-29,162.947,"Austrilia"
"481",2014-05-30,161.603,"Austrilia"
"482",2014-06-02,161.087,"Austrilia"
"483",2014-06-03,161.509,"Austrilia"
"484",2014-06-04,161.4,"Austrilia"
"485",2014-06-05,161.244,"Austrilia"
"486",2014-06-06,161.478,"Austrilia"
"487",2014-06-09,164.244,"Austrilia"
"488",2014-06-10,164.135,"Austrilia"
"489",2014-06-11,164.166,"Austrilia"
"490",2014-06-12,167.542,"Austrilia"
"491",2014-06-13,167.995,"Austrilia"
"492",2014-06-16,168.042,"Austrilia"
"493",2014-06-17,167.151,"Austrilia"
"494",2014-06-18,166.667,"Austrilia"
"495",2014-06-19,167.355,"Austrilia"
"496",2014-06-20,168.714,"Austrilia"
"497",2014-06-23,166.964,"Austrilia"
"498",2014-06-24,166.667,"Austrilia"
"499",2014-06-25,167.292,"Austrilia"
"500",2014-06-26,166.432,"Austrilia"
"501",2014-06-27,166.386,"Austrilia"
"502",2014-06-30,165.776,"Austrilia"
"503",2014-07-01,165.76,"Austrilia"
"504",2014-07-02,164.385,"Austrilia"
"505",2014-07-03,163.729,"Austrilia"
"506",2014-07-04,163.729,"Austrilia"
"507",2014-07-07,162.838,"Austrilia"
"508",2014-07-08,162.635,"Austrilia"
"509",2014-07-09,160.869,"Austrilia"
"510",2014-07-10,161.931,"Austrilia"
"511",2014-07-11,158.602,"Austrilia"
"512",2014-07-14,158.993,"Austrilia"
"513",2014-07-15,157.165,"Austrilia"
"514",2014-07-16,159.228,"Austrilia"
"515",2014-07-17,162.291,"Austrilia"
"516",2014-07-18,162.275,"Austrilia"
"517",2014-07-21,164.635,"Austrilia"
"518",2014-07-22,163.463,"Austrilia"
"519",2014-07-23,162.244,"Austrilia"
"520",2014-07-24,160.603,"Austrilia"
"521",2014-07-25,164.463,"Austrilia"
"522",2014-07-28,165.167,"Austrilia"
"523",2014-07-29,163.963,"Austrilia"
"524",2014-07-30,162.994,"Austrilia"
"525",2014-07-31,153.523,"Austrilia"
"526",2014-08-01,152.945,"Austrilia"
"527",2014-08-04,153.57,"Austrilia"
"528",2014-08-05,152.132,"Austrilia"
"529",2014-08-06,151.491,"Austrilia"
"530",2014-08-07,152.132,"Austrilia"
"531",2014-08-08,152.554,"Austrilia"
"532",2014-08-11,153.304,"Austrilia"
"533",2014-08-12,152.163,"Austrilia"
"534",2014-08-13,152.491,"Austrilia"
"535",2014-08-14,149.319,"Austrilia"
"536",2014-08-15,152.07,"Austrilia"
"537",2014-08-18,150.725,"Austrilia"
"538",2014-08-19,147.459,"Austrilia"
"539",2014-08-20,150.663,"Austrilia"
"540",2014-08-21,146.865,"Austrilia"
"541",2014-08-22,146.302,"Austrilia"
"542",2014-08-25,149.084,"Austrilia"
"543",2014-08-26,149.694,"Austrilia"
"544",2014-08-27,149.756,"Austrilia"
"545",2014-08-28,150.725,"Austrilia"
"546",2014-08-29,152.945,"Austrilia"
"547",2014-09-01,152.945,"Austrilia"
"548",2014-09-02,145.224,"Austrilia"
"549",2014-09-03,149.256,"Austrilia"
"550",2014-09-04,147.709,"Austrilia"
"551",2014-09-05,145.849,"Austrilia"
"552",2014-09-08,144.786,"Austrilia"
"553",2014-09-09,144.927,"Austrilia"
"554",2014-09-10,143.333,"Austrilia"
"555",2014-09-11,145.177,"Austrilia"
"556",2014-09-12,144.067,"Austrilia"
"557",2014-09-15,145.13,"Austrilia"
"558",2014-09-16,148.334,"Austrilia"
"559",2014-09-17,147.428,"Austrilia"
"560",2014-09-18,145.458,"Austrilia"
"561",2014-09-19,144.458,"Austrilia"
"562",2014-09-22,142.942,"Austrilia"
"563",2014-09-23,143.083,"Austrilia"
"564",2014-09-24,146.287,"Austrilia"
"565",2014-09-25,146.271,"Austrilia"
"566",2014-09-26,149.334,"Austrilia"
"567",2014-09-29,147.74,"Austrilia"
"568",2014-09-30,142.489,"Austrilia"
"569",2014-10-01,141.817,"Austrilia"
"570",2014-10-02,142.255,"Austrilia"
"571",2014-10-03,140.285,"Austrilia"
"572",2014-10-06,141.176,"Austrilia"
"573",2014-10-07,138.926,"Austrilia"
"574",2014-10-08,136.425,"Austrilia"
"575",2014-10-09,134.034,"Austrilia"
"576",2014-10-10,134.206,"Austrilia"
"577",2014-10-13,133.987,"Austrilia"
"578",2014-10-14,127.72,"Austrilia"
"579",2014-10-15,127.876,"Austrilia"
"580",2014-10-16,128.673,"Austrilia"
"581",2014-10-17,129.408,"Austrilia"
"582",2014-10-20,129.345,"Austrilia"
"583",2014-10-21,130.111,"Austrilia"
"584",2014-10-22,125.844,"Austrilia"
"585",2014-10-23,129.423,"Austrilia"
"586",2014-10-24,127.016,"Austrilia"
"587",2014-10-27,127.001,"Austrilia"
"588",2014-10-28,127.157,"Austrilia"
"589",2014-10-29,128.548,"Austrilia"
"590",2014-10-30,126.688,"Austrilia"
"591",2014-10-31,125.86,"Austrilia"
"592",2014-11-03,123.109,"Austrilia"
"593",2014-11-04,120.577,"Austrilia"
"594",2014-11-05,123.015,"Austrilia"
"595",2014-11-06,121.702,"Austrilia"
"596",2014-11-07,123.015,"Austrilia"
"597",2014-11-10,121.015,"Austrilia"
"598",2014-11-11,121.671,"Austrilia"
"599",2014-11-12,120.593,"Austrilia"
"600",2014-11-13,115.857,"Austrilia"
"601",2014-11-14,118.639,"Austrilia"
"602",2014-11-17,118.217,"Austrilia"
"603",2014-11-18,116.514,"Austrilia"
"604",2014-11-19,116.514,"Austrilia"
"605",2014-11-20,118.202,"Austrilia"
"606",2014-11-21,119.593,"Austrilia"
"607",2014-11-24,118.374,"Austrilia"
"608",2014-11-25,115.717,"Austrilia"
"609",2014-11-26,115.185,"Austrilia"
"610",2014-11-27,115.185,"Austrilia"
"611",2014-11-28,103.057,"Austrilia"
"612",2014-12-01,107.808,"Austrilia"
"613",2014-12-02,104.698,"Austrilia"
"614",2014-12-03,105.183,"Austrilia"
"615",2014-12-04,104.292,"Austrilia"
"616",2014-12-05,102.979,"Austrilia"
"617",2014-12-08,98.665,"Austrilia"
"618",2014-12-09,99.619,"Austrilia"
"619",2014-12-10,95.321,"Austrilia"
"620",2014-12-11,93.789,"Austrilia"
"621",2014-12-12,90.351,"Austrilia"
"622",2014-12-15,87.459,"Austrilia"
"623",2014-12-16,87.475,"Austrilia"
"624",2014-12-17,88.194,"Austrilia"
"625",2014-12-18,84.678,"Austrilia"
"626",2014-12-19,88.944,"Austrilia"
"627",2014-12-22,86.35,"Austrilia"
"628",2014-12-23,88.741,"Austrilia"
"629",2014-12-24,87.053,"Austrilia"
"630",2014-12-25,87.053,"Austrilia"
"631",2014-12-26,85.318,"Austrilia"
"632",2014-12-29,83.552,"Austrilia"
"633",2014-12-30,84.615,"Austrilia"
"634",2014-12-31,83.537,"Austrilia"
"635",2015-01-01,83.537,"Austrilia"
"636",2015-01-02,82.396,"Austrilia"
"637",2015-01-05,78.223,"Austrilia"
"638",2015-01-06,74.988,"Austrilia"
"639",2015-01-07,76.097,"Austrilia"
"640",2015-01-08,76.269,"Austrilia"
"641",2015-01-09,75.566,"Austrilia"
"642",2015-01-12,71.987,"Austrilia"
"643",2015-01-13,71.768,"Austrilia"
"644",2015-01-14,75.785,"Austrilia"
"645",2015-01-15,72.471,"Austrilia"
"646",2015-01-16,75.785,"Austrilia"
"647",2015-01-19,75.785,"Austrilia"
"648",2015-01-20,73.128,"Austrilia"
"649",2015-01-21,74.784,"Austrilia"
"650",2015-01-22,71.784,"Austrilia"
"651",2015-01-23,70.737,"Austrilia"
"652",2015-01-26,70.018,"Austrilia"
"653",2015-01-27,71.643,"Austrilia"
"654",2015-01-28,68.892,"Austrilia"
"655",2015-01-29,68.955,"Austrilia"
"656",2015-01-30,74.691,"Austrilia"
"657",2015-02-02,76.972,"Austrilia"
"658",2015-02-03,82.896,"Austrilia"
"659",2015-02-04,75.722,"Austrilia"
"660",2015-02-05,78.895,"Austrilia"
"661",2015-02-06,80.739,"Austrilia"
"662",2015-02-09,82.818,"Austrilia"
"663",2015-02-10,78.238,"Austrilia"
"664",2015-02-11,76.269,"Austrilia"
"665",2015-02-12,79.973,"Austrilia"
"666",2015-02-13,82.302,"Austrilia"
"667",2015-02-16,82.302,"Austrilia"
"668",2015-02-17,83.709,"Austrilia"
"669",2015-02-18,81.474,"Austrilia"
"670",2015-02-19,79.895,"Austrilia"
"671",2015-02-20,78.067,"Austrilia"
"672",2015-02-23,77.457,"Austrilia"
"673",2015-02-24,75.769,"Austrilia"
"674",2015-02-25,78.535,"Austrilia"
"675",2015-02-26,74.472,"Austrilia"
"676",2015-02-27,77.895,"Austrilia"
"677",2015-03-02,77.504,"Austrilia"
"678",2015-03-03,78.817,"Austrilia"
"679",2015-03-04,80.536,"Austrilia"
"680",2015-03-05,79.332,"Austrilia"
"681",2015-03-06,77.535,"Austrilia"
"682",2015-03-09,78.067,"Austrilia"
"683",2015-03-10,75.675,"Austrilia"
"684",2015-03-11,75.113,"Austrilia"
"685",2015-03-12,73.644,"Austrilia"
"686",2015-03-13,70.143,"Austrilia"
"687",2015-03-16,68.658,"Austrilia"
"688",2015-03-17,67.814,"Austrilia"
"689",2015-03-18,69.752,"Austrilia"
"690",2015-03-19,68.799,"Austrilia"
"691",2015-03-20,71.893,"Austrilia"
"692",2015-03-23,74.081,"Austrilia"
"693",2015-03-24,73.503,"Austrilia"
"694",2015-03-25,76.191,"Austrilia"
"695",2015-03-26,80.348,"Austrilia"
"696",2015-03-27,76.316,"Austrilia"
"697",2015-03-30,76.05,"Austrilia"
"698",2015-03-31,74.581,"Austrilia"
"699",2015-04-01,78.332,"Austrilia"
"700",2015-04-02,76.785,"Austrilia"
"701",2015-04-03,76.785,"Austrilia"
"702",2015-04-06,81.395,"Austrilia"
"703",2015-04-07,84.318,"Austrilia"
"704",2015-04-08,78.832,"Austrilia"
"705",2015-04-09,79.379,"Austrilia"
"706",2015-04-10,80.692,"Austrilia"
"707",2015-04-13,81.192,"Austrilia"
"708",2015-04-14,83.302,"Austrilia"
"709",2015-04-15,87.913,"Austrilia"
"710",2015-04-16,88.6,"Austrilia"
"711",2015-04-17,87.069,"Austrilia"
"712",2015-04-20,88.1,"Austrilia"
"713",2015-04-21,86.866,"Austrilia"
"714",2015-04-22,87.788,"Austrilia"
"715",2015-04-23,88.444,"Austrilia"
"716",2015-04-24,87.491,"Austrilia"
"717",2015-04-27,86.834,"Austrilia"
"718",2015-04-28,89.163,"Austrilia"
"719",2015-04-29,91.507,"Austrilia"
"720",2015-04-30,93.18,"Austrilia"
"721",2015-05-01,92.367,"Austrilia"
"722",2015-05-04,92.086,"Austrilia"
"723",2015-05-05,94.367,"Austrilia"
"724",2015-05-06,95.227,"Austrilia"
"725",2015-05-07,92.195,"Austrilia"
"726",2015-05-08,92.851,"Austrilia"
"727",2015-05-11,92.57,"Austrilia"
"728",2015-05-12,94.899,"Austrilia"
"729",2015-05-13,94.555,"Austrilia"
"730",2015-05-14,93.602,"Austrilia"
"731",2015-05-15,93.352,"Austrilia"
"732",2015-05-18,92.898,"Austrilia"
"733",2015-05-19,89.554,"Austrilia"
"734",2015-05-20,92.148,"Austrilia"
"735",2015-05-21,94.055,"Austrilia"
"736",2015-05-22,92.023,"Austrilia"
"737",2015-05-25,92.023,"Austrilia"
"738",2015-05-26,89.538,"Austrilia"
"739",2015-05-27,89.882,"Austrilia"
"740",2015-05-28,90.163,"Austrilia"
"741",2015-05-29,94.164,"Austrilia"
"742",2015-06-01,94.149,"Austrilia"
"743",2015-06-02,95.805,"Austrilia"
"744",2015-06-03,93.258,"Austrilia"
"745",2015-06-04,90.648,"Austrilia"
"746",2015-06-05,92.383,"Austrilia"
"747",2015-06-08,90.882,"Austrilia"
"748",2015-06-09,94.008,"Austrilia"
"749",2015-06-10,95.899,"Austrilia"
"750",2015-06-11,94.93,"Austrilia"
"751",2015-06-12,93.711,"Austrilia"
"752",2015-06-15,93.039,"Austrilia"
"753",2015-06-16,93.789,"Austrilia"
"754",2015-06-17,93.602,"Austrilia"
"755",2015-06-18,94.414,"Austrilia"
"756",2015-06-19,93.18,"Austrilia"
"757",2015-06-22,93.789,"Austrilia"
"758",2015-06-23,95.415,"Austrilia"
"759",2015-06-24,93.789,"Austrilia"
"760",2015-06-25,93.133,"Austrilia"
"761",2015-06-26,92.851,"Austrilia"
"762",2015-06-29,91.179,"Austrilia"
"763",2015-06-30,92.961,"Austrilia"
"764",2015-07-01,88.991,"Austrilia"
"765",2015-07-02,88.976,"Austrilia"
"766",2015-07-03,88.976,"Austrilia"
"767",2015-07-06,82.021,"Austrilia"
"768",2015-07-07,81.786,"Austrilia"
"769",2015-07-08,80.661,"Austrilia"
"770",2015-07-09,82.458,"Austrilia"
"771",2015-07-10,82.427,"Austrilia"
"772",2015-07-13,81.567,"Austrilia"
"773",2015-07-14,82.911,"Austrilia"
"774",2015-07-15,80.333,"Austrilia"
"775",2015-07-16,79.551,"Austrilia"
"776",2015-07-17,79.52,"Austrilia"
"777",2015-07-20,78.317,"Austrilia"
"778",2015-07-21,79.067,"Austrilia"
"779",2015-07-22,77.004,"Austrilia"
"780",2015-07-23,75.191,"Austrilia"
"781",2015-07-24,74.988,"Austrilia"
"782",2015-07-27,73.722,"Austrilia"
"783",2015-07-28,74.972,"Austrilia"
"784",2015-07-29,76.222,"Austrilia"
"785",2015-07-30,75.847,"Austrilia"
"786",2015-07-31,73.628,"Austrilia"
"787",2015-08-03,70.721,"Austrilia"
"788",2015-08-04,71.502,"Austrilia"
"789",2015-08-05,70.533,"Austrilia"
"790",2015-08-06,69.846,"Austrilia"
"791",2015-08-07,68.564,"Austrilia"
"792",2015-08-10,70.236,"Austrilia"
"793",2015-08-11,67.376,"Austrilia"
"794",2015-08-12,67.548,"Austrilia"
"795",2015-08-13,66.063,"Austrilia"
"796",2015-08-14,66.345,"Austrilia"
"797",2015-08-17,65.532,"Austrilia"
"798",2015-08-18,66.548,"Austrilia"
"799",2015-08-19,63.688,"Austrilia"
"800",2015-08-20,64.079,"Austrilia"
"801",2015-08-21,63.219,"Austrilia"
"802",2015-08-24,59.734,"Austrilia"
"803",2015-08-25,61.187,"Austrilia"
"804",2015-08-26,60.171,"Austrilia"
"805",2015-08-27,66.376,"Austrilia"
"806",2015-08-28,70.783,"Austrilia"
"807",2015-08-31,76.894,"Austrilia"
"808",2015-09-01,70.924,"Austrilia"
"809",2015-09-02,72.362,"Austrilia"
"810",2015-09-03,73.065,"Austrilia"
"811",2015-09-04,71.924,"Austrilia"
"812",2015-09-07,71.924,"Austrilia"
"813",2015-09-08,71.768,"Austrilia"
"814",2015-09-09,68.97,"Austrilia"
"815",2015-09-10,71.659,"Austrilia"
"816",2015-09-11,69.939,"Austrilia"
"817",2015-09-14,68.877,"Austrilia"
"818",2015-09-15,69.674,"Austrilia"
"819",2015-09-16,73.644,"Austrilia"
"820",2015-09-17,73.347,"Austrilia"
"821",2015-09-18,69.877,"Austrilia"
"822",2015-09-21,72.94,"Austrilia"
"823",2015-09-22,72.159,"Austrilia"
"824",2015-09-23,69.596,"Austrilia"
"825",2015-09-24,70.236,"Austrilia"
"826",2015-09-25,71.19,"Austrilia"
"827",2015-09-28,69.392,"Austrilia"
"828",2015-09-29,70.705,"Austrilia"
"829",2015-09-30,70.424,"Austrilia"
"830",2015-10-01,69.939,"Austrilia"
"831",2015-10-02,71.174,"Austrilia"
"832",2015-10-05,72.331,"Austrilia"
"833",2015-10-06,75.847,"Austrilia"
"834",2015-10-07,74.8,"Austrilia"
"835",2015-10-08,77.301,"Austrilia"
"836",2015-10-09,77.629,"Austrilia"
"837",2015-10-12,73.597,"Austrilia"
"838",2015-10-13,72.987,"Austrilia"
"839",2015-10-14,72.878,"Austrilia"
"840",2015-10-15,72.487,"Austrilia"
"841",2015-10-16,73.925,"Austrilia"
"842",2015-10-19,71.752,"Austrilia"
"843",2015-10-20,71.643,"Austrilia"
"844",2015-10-21,70.674,"Austrilia"
"845",2015-10-22,70.174,"Austrilia"
"846",2015-10-23,68.627,"Austrilia"
"847",2015-10-26,67.501,"Austrilia"
"848",2015-10-27,67.533,"Austrilia"
"849",2015-10-28,71.784,"Austrilia"
"850",2015-10-29,71.924,"Austrilia"
"851",2015-10-30,72.831,"Austrilia"
"852",2015-11-02,72.081,"Austrilia"
"853",2015-11-03,74.831,"Austrilia"
"854",2015-11-04,72.393,"Austrilia"
"855",2015-11-05,70.752,"Austrilia"
"856",2015-11-06,69.267,"Austrilia"
"857",2015-11-09,68.564,"Austrilia"
"858",2015-11-10,69.127,"Austrilia"
"859",2015-11-11,67.126,"Austrilia"
"860",2015-11-12,65.235,"Austrilia"
"861",2015-11-13,63.594,"Austrilia"
"862",2015-11-16,65.141,"Austrilia"
"863",2015-11-17,63.657,"Austrilia"
"864",2015-11-18,63.688,"Austrilia"
"865",2015-11-19,63.375,"Austrilia"
"866",2015-11-20,61.562,"Austrilia"
"867",2015-11-23,61.375,"Austrilia"
"868",2015-11-24,63.907,"Austrilia"
"869",2015-11-25,64.422,"Austrilia"
"870",2015-11-26,64.422,"Austrilia"
"871",2015-11-27,63.407,"Austrilia"
"872",2015-11-30,63.188,"Austrilia"
"873",2015-12-01,63.422,"Austrilia"
"874",2015-12-02,62.406,"Austrilia"
"875",2015-12-03,64.204,"Austrilia"
"876",2015-12-04,62.516,"Austrilia"
"877",2015-12-07,58.827,"Austrilia"
"878",2015-12-08,58.546,"Austrilia"
"879",2015-12-09,58.077,"Austrilia"
"880",2015-12-10,57.452,"Austrilia"
"881",2015-12-11,55.717,"Austrilia"
"882",2015-12-14,56.749,"Austrilia"
"883",2015-12-15,58.327,"Austrilia"
"884",2015-12-16,55.561,"Austrilia"
"885",2015-12-17,54.67,"Austrilia"
"886",2015-12-18,54.264,"Austrilia"
"887",2015-12-21,53.998,"Austrilia"
"888",2015-12-22,56.452,"Austrilia"
"889",2015-12-23,57.452,"Austrilia"
"890",2015-12-24,58.796,"Austrilia"
"891",2015-12-25,58.796,"Austrilia"
"892",2015-12-28,56.827,"Austrilia"
"893",2015-12-29,59.202,"Austrilia"
"894",2015-12-30,57.186,"Austrilia"
"895",2015-12-31,58.03,"Austrilia"
"896",2016-01-01,58.03,"Austrilia"
"897",2016-01-04,57.53,"Austrilia"
"898",2016-01-05,56.217,"Austrilia"
"899",2016-01-06,53.091,"Austrilia"
"900",2016-01-07,52.029,"Austrilia"
"901",2016-01-08,51.888,"Austrilia"
"902",2016-01-11,49.106,"Austrilia"
"903",2016-01-12,47.543,"Austrilia"
"904",2016-01-13,47.543,"Austrilia"
"905",2016-01-14,48.794,"Austrilia"
"906",2016-01-15,46.027,"Austrilia"
"907",2016-01-18,46.027,"Austrilia"
"908",2016-01-19,44.496,"Austrilia"
"909",2016-01-20,41.698,"Austrilia"
"910",2016-01-21,46.183,"Austrilia"
"911",2016-01-22,50.122,"Austrilia"
"912",2016-01-25,47.371,"Austrilia"
"913",2016-01-26,46.168,"Austrilia"
"914",2016-01-27,50.513,"Austrilia"
"915",2016-01-28,51.904,"Austrilia"
"916",2016-01-29,52.607,"Austrilia"
"917",2016-02-01,49.419,"Austrilia"
"918",2016-02-02,46.731,"Austrilia"
"919",2016-02-03,50.466,"Austrilia"
"920",2016-02-04,49.434,"Austrilia"
"921",2016-02-05,48.231,"Austrilia"
"922",2016-02-08,46.434,"Austrilia"
"923",2016-02-09,43.698,"Austrilia"
"924",2016-02-10,43.042,"Austrilia"
"925",2016-02-11,40.932,"Austrilia"
"926",2016-02-12,45.824,"Austrilia"
"927",2016-02-15,45.824,"Austrilia"
"928",2016-02-16,45.402,"Austrilia"
"929",2016-02-17,47.95,"Austrilia"
"930",2016-02-18,48.09,"Austrilia"
"931",2016-02-19,46.246,"Austrilia"
"932",2016-02-22,49.028,"Austrilia"
"933",2016-02-23,49.763,"Austrilia"
"934",2016-02-24,47.434,"Austrilia"
"935",2016-02-25,49.075,"Austrilia"
"936",2016-02-26,49.466,"Austrilia"
"937",2016-02-29,51.169,"Austrilia"
"938",2016-03-01,53.748,"Austrilia"
"939",2016-03-02,54.029,"Austrilia"
"940",2016-03-03,54.014,"Austrilia"
"941",2016-03-04,56.123,"Austrilia"
"942",2016-03-07,59.234,"Austrilia"
"943",2016-03-08,57.311,"Austrilia"
"944",2016-03-09,58.796,"Austrilia"
"945",2016-03-10,59.03,"Austrilia"
"946",2016-03-11,60.187,"Austrilia"
"947",2016-03-14,58.14,"Austrilia"
"948",2016-03-15,56.764,"Austrilia"
"949",2016-03-16,60.062,"Austrilia"
"950",2016-03-17,62.781,"Austrilia"
"951",2016-03-18,61.687,"Austrilia"
"952",2016-03-21,62.375,"Austrilia"
"953",2016-03-22,64.782,"Austrilia"
"954",2016-03-23,59.828,"Austrilia"
"955",2016-03-24,59.609,"Austrilia"
"956",2016-03-25,59.609,"Austrilia"
"957",2016-03-28,59.374,"Austrilia"
"958",2016-03-29,57.686,"Austrilia"
"959",2016-03-30,57.686,"Austrilia"
"960",2016-03-31,57.733,"Austrilia"
"961",2016-04-01,55.264,"Austrilia"
"962",2016-04-04,53.607,"Austrilia"
"963",2016-04-05,53.951,"Austrilia"
"964",2016-04-06,58.984,"Austrilia"
"965",2016-04-07,58.296,"Austrilia"
"966",2016-04-08,62.109,"Austrilia"
"967",2016-04-11,63.235,"Austrilia"
"968",2016-04-12,65.829,"Austrilia"
"969",2016-04-13,65.173,"Austrilia"
"970",2016-04-14,64.782,"Austrilia"
"971",2016-04-15,63.141,"Austrilia"
"972",2016-04-18,62.109,"Austrilia"
"973",2016-04-19,63.891,"Austrilia"
"974",2016-04-20,66.767,"Austrilia"
"975",2016-04-21,67.486,"Austrilia"
"976",2016-04-22,66.829,"Austrilia"
"977",2016-04-25,65.126,"Austrilia"
"978",2016-04-26,66.454,"Austrilia"
"979",2016-04-27,70.783,"Austrilia"
"980",2016-04-28,71.94,"Austrilia"
"981",2016-04-29,71.862,"Austrilia"
"982",2016-05-02,69.939,"Austrilia"
"983",2016-05-03,68.22,"Austrilia"
"984",2016-05-04,68.408,"Austrilia"
"985",2016-05-05,69.283,"Austrilia"
"986",2016-05-06,69.674,"Austrilia"
"987",2016-05-09,67.908,"Austrilia"
"988",2016-05-10,69.83,"Austrilia"
"989",2016-05-11,72.221,"Austrilia"
"990",2016-05-12,72.893,"Austrilia"
"991",2016-05-13,72.237,"Austrilia"
"992",2016-05-16,74.581,"Austrilia"
"993",2016-05-17,75.472,"Austrilia"
"994",2016-05-18,75.206,"Austrilia"
"995",2016-05-19,75.269,"Austrilia"
"996",2016-05-20,74.503,"Austrilia"
"997",2016-05-23,75.206,"Austrilia"
"998",2016-05-24,75.081,"Austrilia"
"999",2016-05-25,76.738,"Austrilia"
"1000",2016-05-26,76.582,"Austrilia"
"1001",2016-05-27,77.144,"Austrilia"
"1002",2016-05-30,77.144,"Austrilia"
"1003",2016-05-31,76.738,"Austrilia"
"1004",2016-06-01,76.691,"Austrilia"
"1005",2016-06-02,76.801,"Austrilia"
"1006",2016-06-03,76.097,"Austrilia"
"1007",2016-06-06,77.691,"Austrilia"
"1008",2016-06-07,78.723,"Austrilia"
"1009",2016-06-08,80.067,"Austrilia"
"1010",2016-06-09,78.957,"Austrilia"
"1011",2016-06-10,76.722,"Austrilia"
"1012",2016-06-13,76.41,"Austrilia"
"1013",2016-06-14,75.785,"Austrilia"
"1014",2016-06-15,74.894,"Austrilia"
"1015",2016-06-16,72.112,"Austrilia"
"1016",2016-06-17,75.019,"Austrilia"
"1017",2016-06-20,77.207,"Austrilia"
"1018",2016-06-21,76.504,"Austrilia"
"1019",2016-06-22,76.832,"Austrilia"
"1020",2016-06-23,77.113,"Austrilia"
"1021",2016-06-24,72.987,"Austrilia"
"1022",2016-06-27,71.581,"Austrilia"
"1023",2016-06-28,74.909,"Austrilia"
"1024",2016-06-29,77.91,"Austrilia"
"1025",2016-06-30,75.441,"Austrilia"
"1026",2016-07-01,76.613,"Austrilia"
"1027",2016-07-04,76.613,"Austrilia"
"1028",2016-07-05,73.034,"Austrilia"
"1029",2016-07-06,74.034,"Austrilia"
"1030",2016-07-07,70.674,"Austrilia"
"1031",2016-07-08,70.908,"Austrilia"
"1032",2016-07-11,69.908,"Austrilia"
"1033",2016-07-12,73.175,"Austrilia"
"1034",2016-07-13,70.127,"Austrilia"
"1035",2016-07-14,71.33,"Austrilia"
"1036",2016-07-15,71.784,"Austrilia"
"1037",2016-07-18,70.69,"Austrilia"
"1038",2016-07-19,69.768,"Austrilia"
"1039",2016-07-20,70.268,"Austrilia"
"1040",2016-07-21,68.705,"Austrilia"
"1041",2016-07-22,67.845,"Austrilia"
"1042",2016-07-25,66.267,"Austrilia"
"1043",2016-07-26,65.892,"Austrilia"
"1044",2016-07-27,65.485,"Austrilia"
"1045",2016-07-28,64.282,"Austrilia"
"1046",2016-07-29,64.923,"Austrilia"
"1047",2016-08-01,62.594,"Austrilia"
"1048",2016-08-02,61.734,"Austrilia"
"1049",2016-08-03,63.766,"Austrilia"
"1050",2016-08-04,65.516,"Austrilia"
"1051",2016-08-05,65.376,"Austrilia"
"1052",2016-08-08,67.298,"Austrilia"
"1053",2016-08-09,66.861,"Austrilia"
"1054",2016-08-10,65.251,"Austrilia"
"1055",2016-08-11,68.001,"Austrilia"
"1056",2016-08-12,69.502,"Austrilia"
"1057",2016-08-15,71.455,"Austrilia"
"1058",2016-08-16,72.784,"Austrilia"
"1059",2016-08-17,73.159,"Austrilia"
"1060",2016-08-18,75.331,"Austrilia"
"1061",2016-08-19,75.769,"Austrilia"
"1062",2016-08-22,73.143,"Austrilia"
"1063",2016-08-23,74.3,"Austrilia"
"1064",2016-08-24,72.346,"Austrilia"
"1065",2016-08-25,73.409,"Austrilia"
"1066",2016-08-26,74.456,"Austrilia"
"1067",2016-08-29,73.409,"Austrilia"
"1068",2016-08-30,72.393,"Austrilia"
"1069",2016-08-31,69.83,"Austrilia"
"1070",2016-09-01,67.47,"Austrilia"
"1071",2016-09-02,69.377,"Austrilia"
"1072",2016-09-05,69.377,"Austrilia"
"1073",2016-09-06,70.096,"Austrilia"
"1074",2016-09-07,71.065,"Austrilia"
"1075",2016-09-08,74.441,"Austrilia"
"1076",2016-09-09,71.706,"Austrilia"
"1077",2016-09-12,72.331,"Austrilia"
"1078",2016-09-13,70.19,"Austrilia"
"1079",2016-09-14,68.173,"Austrilia"
"1080",2016-09-15,68.533,"Austrilia"
"1081",2016-09-16,67.267,"Austrilia"
"1082",2016-09-19,67.736,"Austrilia"
"1083",2016-09-20,68.533,"Austrilia"
"1084",2016-09-21,70.846,"Austrilia"
"1085",2016-09-22,72.049,"Austrilia"
"1086",2016-09-23,69.33,"Austrilia"
"1087",2016-09-26,71.268,"Austrilia"
"1088",2016-09-27,69.783,"Austrilia"
"1089",2016-09-28,73.565,"Austrilia"
"1090",2016-09-29,74.581,"Austrilia"
"1091",2016-09-30,74.581,"Austrilia"
"1092",2016-10-03,76.269,"Austrilia"
"1093",2016-10-04,76.066,"Austrilia"
"1094",2016-10-05,77.754,"Austrilia"
"1095",2016-10-06,78.832,"Austrilia"
"1096",2016-10-07,77.77,"Austrilia"
"1097",2016-10-10,77.77,"Austrilia"
"1098",2016-10-11,79.27,"Austrilia"
"1099",2016-10-12,78.363,"Austrilia"
"1100",2016-10-13,78.879,"Austrilia"
"1101",2016-10-14,78.692,"Austrilia"
"1102",2016-10-17,78.098,"Austrilia"
"1103",2016-10-18,78.614,"Austrilia"
"1104",2016-10-19,80.63,"Austrilia"
"1105",2016-10-20,78.629,"Austrilia"
"1106",2016-10-21,79.098,"Austrilia"
"1107",2016-10-24,78.426,"Austrilia"
"1108",2016-10-25,77.285,"Austrilia"
"1109",2016-10-26,76.191,"Austrilia"
"1110",2016-10-27,77.691,"Austrilia"
"1111",2016-10-28,76.144,"Austrilia"
"1112",2016-10-31,73.19,"Austrilia"
"1113",2016-11-01,72.925,"Austrilia"
"1114",2016-11-02,70.83,"Austrilia"
"1115",2016-11-03,69.799,"Austrilia"
"1116",2016-11-04,68.877,"Austrilia"
"1117",2016-11-07,70.143,"Austrilia"
"1118",2016-11-08,70.268,"Austrilia"
"1119",2016-11-09,70.643,"Austrilia"
"1120",2016-11-10,69.736,"Austrilia"
"1121",2016-11-11,67.814,"Austrilia"
"1122",2016-11-14,67.658,"Austrilia"
"1123",2016-11-15,71.674,"Austrilia"
"1124",2016-11-16,71.205,"Austrilia"
"1125",2016-11-17,70.908,"Austrilia"
"1126",2016-11-18,71.409,"Austrilia"
"1127",2016-11-21,74.206,"Austrilia"
"1128",2016-11-22,75.128,"Austrilia"
"1129",2016-11-23,73.018,"Austrilia"
"1130",2016-11-24,73.018,"Austrilia"
"1131",2016-11-25,73.018,"Austrilia"
"1132",2016-11-28,71.362,"Austrilia"
"1133",2016-11-29,70.783,"Austrilia"
"1134",2016-11-30,77.223,"Austrilia"
"1135",2016-12-01,79.833,"Austrilia"
"1136",2016-12-02,80.802,"Austrilia"
"1137",2016-12-05,80.833,"Austrilia"
"1138",2016-12-06,79.629,"Austrilia"
"1139",2016-12-07,77.91,"Austrilia"
"1140",2016-12-08,79.457,"Austrilia"
"1141",2016-12-09,80.505,"Austrilia"
"1142",2016-12-12,82.427,"Austrilia"
"1143",2016-12-13,82.818,"Austrilia"
"1144",2016-12-14,79.723,"Austrilia"
"1145",2016-12-15,79.551,"Austrilia"
"1146",2016-12-16,81.161,"Austrilia"
"1147",2016-12-19,81.474,"Austrilia"
"1148",2013-01-01,71.747,"India"
"1149",2013-01-02,72.771,"India"
"1150",2013-01-03,72.638,"India"
"1151",2013-01-04,72.755,"India"
"1152",2013-01-07,72.818,"India"
"1153",2013-01-08,72.826,"India"
"1154",2013-01-09,72.724,"India"
"1155",2013-01-10,73.294,"India"
"1156",2013-01-11,73.13,"India"
"1157",2013-01-14,73.654,"India"
"1158",2013-01-15,72.865,"India"
"1159",2013-01-16,73.662,"India"
"1160",2013-01-17,74.607,"India"
"1161",2013-01-18,74.701,"India"
"1162",2013-01-21,74.701,"India"
"1163",2013-01-22,75.076,"India"
"1164",2013-01-23,74.271,"India"
"1165",2013-01-24,74.498,"India"
"1166",2013-01-25,74.341,"India"
"1167",2013-01-28,74.966,"India"
"1168",2013-01-29,76.271,"India"
"1169",2013-01-30,76.552,"India"
"1170",2013-01-31,76.295,"India"
"1171",2013-02-01,76.146,"India"
"1172",2013-02-04,75.17,"India"
"1173",2013-02-05,75.537,"India"
"1174",2013-02-06,75.349,"India"
"1175",2013-02-07,74.88,"India"
"1176",2013-02-08,74.779,"India"
"1177",2013-02-11,75.795,"India"
"1178",2013-02-12,76.162,"India"
"1179",2013-02-13,75.81,"India"
"1180",2013-02-14,76.021,"India"
"1181",2013-02-15,74.966,"India"
"1182",2013-02-18,74.966,"India"
"1183",2013-02-19,75.545,"India"
"1184",2013-02-20,74.162,"India"
"1185",2013-02-21,72.497,"India"
"1186",2013-02-22,72.755,"India"
"1187",2013-02-25,72.458,"India"
"1188",2013-02-26,72.372,"India"
"1189",2013-02-27,72.537,"India"
"1190",2013-02-28,71.904,"India"
"1191",2013-03-01,70.872,"India"
"1192",2013-03-04,70.419,"India"
"1193",2013-03-05,71.005,"India"
"1194",2013-03-06,70.685,"India"
"1195",2013-03-07,71.513,"India"
"1196",2013-03-08,71.888,"India"
"1197",2013-03-11,71.935,"India"
"1198",2013-03-12,72.224,"India"
"1199",2013-03-13,72.247,"India"
"1200",2013-03-14,72.685,"India"
"1201",2013-03-15,73.044,"India"
"1202",2013-03-18,73.216,"India"
"1203",2013-03-19,72.224,"India"
"1204",2013-03-20,72.826,"India"
"1205",2013-03-21,72.24,"India"
"1206",2013-03-22,72.982,"India"
"1207",2013-03-25,73.873,"India"
"1208",2013-03-26,74.998,"India"
"1209",2013-03-27,75.42,"India"
"1210",2013-03-28,75.974,"India"
"1211",2013-03-29,75.974,"India"
"1212",2013-04-01,75.865,"India"
"1213",2013-04-02,75.966,"India"
"1214",2013-04-03,74.24,"India"
"1215",2013-04-04,72.865,"India"
"1216",2013-04-05,72.474,"India"
"1217",2013-04-08,72.943,"India"
"1218",2013-04-09,73.583,"India"
"1219",2013-04-10,73.904,"India"
"1220",2013-04-11,73.005,"India"
"1221",2013-04-12,71.279,"India"
"1222",2013-04-15,69.341,"India"
"1223",2013-04-16,69.325,"India"
"1224",2013-04-17,67.7,"India"
"1225",2013-04-18,68.622,"India"
"1226",2013-04-19,68.786,"India"
"1227",2013-04-22,69.388,"India"
"1228",2013-04-23,69.7,"India"
"1229",2013-04-24,71.154,"India"
"1230",2013-04-25,72.872,"India"
"1231",2013-04-26,72.372,"India"
"1232",2013-04-29,73.513,"India"
"1233",2013-04-30,72.833,"India"
"1234",2013-05-01,70.896,"India"
"1235",2013-05-02,73.208,"India"
"1236",2013-05-03,74.419,"India"
"1237",2013-05-06,74.849,"India"
"1238",2013-05-07,74.443,"India"
"1239",2013-05-08,75.193,"India"
"1240",2013-05-09,75.076,"India"
"1241",2013-05-10,74.857,"India"
"1242",2013-05-13,74.037,"India"
"1243",2013-05-14,73.412,"India"
"1244",2013-05-15,73.404,"India"
"1245",2013-05-16,74.107,"India"
"1246",2013-05-17,74.787,"India"
"1247",2013-05-20,75.232,"India"
"1248",2013-05-21,74.654,"India"
"1249",2013-05-22,73.427,"India"
"1250",2013-05-23,73.537,"India"
"1251",2013-05-24,73.318,"India"
"1252",2013-05-27,73.318,"India"
"1253",2013-05-28,73.951,"India"
"1254",2013-05-29,72.763,"India"
"1255",2013-05-30,73.107,"India"
"1256",2013-05-31,71.826,"India"
"1257",2013-06-03,72.982,"India"
"1258",2013-06-04,72.943,"India"
"1259",2013-06-05,73.177,"India"
"1260",2013-06-06,73.998,"India"
"1261",2013-06-07,75.091,"India"
"1262",2013-06-10,74.865,"India"
"1263",2013-06-11,74.615,"India"
"1264",2013-06-12,74.99,"India"
"1265",2013-06-13,75.521,"India"
"1266",2013-06-14,76.435,"India"
"1267",2013-06-17,76.459,"India"
"1268",2013-06-18,76.927,"India"
"1269",2013-06-19,76.756,"India"
"1270",2013-06-20,74.138,"India"
"1271",2013-06-21,73.294,"India"
"1272",2013-06-24,74.279,"India"
"1273",2013-06-25,74.419,"India"
"1274",2013-06-26,74.591,"India"
"1275",2013-06-27,75.787,"India"
"1276",2013-06-28,75.287,"India"
"1277",2013-07-01,76.521,"India"
"1278",2013-07-02,77.857,"India"
"1279",2013-07-03,79.631,"India"
"1280",2013-07-04,79.631,"India"
"1281",2013-07-05,80.545,"India"
"1282",2013-07-08,80.498,"India"
"1283",2013-07-09,80.834,"India"
"1284",2013-07-10,83.139,"India"
"1285",2013-07-11,81.858,"India"
"1286",2013-07-12,82.701,"India"
"1287",2013-07-15,82.975,"India"
"1288",2013-07-16,82.725,"India"
"1289",2013-07-17,83.123,"India"
"1290",2013-07-18,84.334,"India"
"1291",2013-07-19,84.381,"India"
"1292",2013-07-22,83.295,"India"
"1293",2013-07-23,83.701,"India"
"1294",2013-07-24,82.358,"India"
"1295",2013-07-25,82.404,"India"
"1296",2013-07-26,81.85,"India"
"1297",2013-07-29,81.733,"India"
"1298",2013-07-30,80.584,"India"
"1299",2013-07-31,82.115,"India"
"1300",2013-08-01,84.326,"India"
"1301",2013-08-02,83.553,"India"
"1302",2013-08-05,83.295,"India"
"1303",2013-08-06,82.287,"India"
"1304",2013-08-07,81.576,"India"
"1305",2013-08-08,80.826,"India"
"1306",2013-08-09,82.85,"India"
"1307",2013-08-12,82.967,"India"
"1308",2013-08-13,83.428,"India"
"1309",2013-08-14,83.514,"India"
"1310",2013-08-15,83.936,"India"
"1311",2013-08-16,84.053,"India"
"1312",2013-08-19,83.709,"India"
"1313",2013-08-20,81.959,"India"
"1314",2013-08-21,81.201,"India"
"1315",2013-08-22,81.983,"India"
"1316",2013-08-23,83.194,"India"
"1317",2013-08-26,82.725,"India"
"1318",2013-08-27,85.248,"India"
"1319",2013-08-28,86.077,"India"
"1320",2013-08-29,84.78,"India"
"1321",2013-08-30,84.366,"India"
"1322",2013-09-02,84.366,"India"
"1323",2013-09-03,84.905,"India"
"1324",2013-09-04,83.826,"India"
"1325",2013-09-05,84.772,"India"
"1326",2013-09-06,86.428,"India"
"1327",2013-09-09,85.647,"India"
"1328",2013-09-10,83.975,"India"
"1329",2013-09-11,84.108,"India"
"1330",2013-09-12,84.944,"India"
"1331",2013-09-13,84.623,"India"
"1332",2013-09-16,83.24,"India"
"1333",2013-09-17,82.318,"India"
"1334",2013-09-18,84.561,"India"
"1335",2013-09-19,83.022,"India"
"1336",2013-09-20,81.803,"India"
"1337",2013-09-23,80.959,"India"
"1338",2013-09-24,80.646,"India"
"1339",2013-09-25,80.225,"India"
"1340",2013-09-26,80.553,"India"
"1341",2013-09-27,80.365,"India"
"1342",2013-09-30,79.975,"India"
"1343",2013-10-01,79.764,"India"
"1344",2013-10-02,81.373,"India"
"1345",2013-10-03,80.701,"India"
"1346",2013-10-04,81.123,"India"
"1347",2013-10-07,80.529,"India"
"1348",2013-10-08,80.897,"India"
"1349",2013-10-09,79.404,"India"
"1350",2013-10-10,80.537,"India"
"1351",2013-10-11,79.826,"India"
"1352",2013-10-14,80.053,"India"
"1353",2013-10-15,79.029,"India"
"1354",2013-10-16,79.959,"India"
"1355",2013-10-17,78.693,"India"
"1356",2013-10-18,78.81,"India"
"1357",2013-10-21,77.568,"India"
"1358",2013-10-22,76.279,"India"
"1359",2013-10-23,75.709,"India"
"1360",2013-10-24,75.513,"India"
"1361",2013-10-25,76.099,"India"
"1362",2013-10-28,77.146,"India"
"1363",2013-10-29,76.795,"India"
"1364",2013-10-30,75.638,"India"
"1365",2013-10-31,75.232,"India"
"1366",2013-11-01,73.88,"India"
"1367",2013-11-04,73.896,"India"
"1368",2013-11-05,72.974,"India"
"1369",2013-11-06,74.021,"India"
"1370",2013-11-07,73.638,"India"
"1371",2013-11-08,73.88,"India"
"1372",2013-11-11,74.326,"India"
"1373",2013-11-12,72.755,"India"
"1374",2013-11-13,73.373,"India"
"1375",2013-11-14,73.255,"India"
"1376",2013-11-15,73.287,"India"
"1377",2013-11-18,72.685,"India"
"1378",2013-11-19,72.935,"India"
"1379",2013-11-20,72.927,"India"
"1380",2013-11-21,74.498,"India"
"1381",2013-11-22,73.857,"India"
"1382",2013-11-25,73.333,"India"
"1383",2013-11-26,72.982,"India"
"1384",2013-11-27,71.919,"India"
"1385",2013-11-28,71.919,"India"
"1386",2013-11-29,72.31,"India"
"1387",2013-12-02,73.138,"India"
"1388",2013-12-03,74.873,"India"
"1389",2013-12-04,75.763,"India"
"1390",2013-12-05,75.896,"India"
"1391",2013-12-06,76.162,"India"
"1392",2013-12-09,75.865,"India"
"1393",2013-12-10,76.818,"India"
"1394",2013-12-11,75.982,"India"
"1395",2013-12-12,75.951,"India"
"1396",2013-12-13,75.216,"India"
"1397",2013-12-16,75.927,"India"
"1398",2013-12-17,75.779,"India"
"1399",2013-12-18,76.248,"India"
"1400",2013-12-19,76.881,"India"
"1401",2013-12-20,77.435,"India"
"1402",2013-12-23,77.052,"India"
"1403",2013-12-24,77.248,"India"
"1404",2013-12-25,77.248,"India"
"1405",2013-12-26,77.49,"India"
"1406",2013-12-27,78.084,"India"
"1407",2013-12-30,77.271,"India"
"1408",2013-12-31,76.701,"India"
"1409",2014-01-01,76.701,"India"
"1410",2014-01-02,74.334,"India"
"1411",2014-01-03,73.177,"India"
"1412",2014-01-06,72.755,"India"
"1413",2014-01-07,72.904,"India"
"1414",2014-01-08,71.802,"India"
"1415",2014-01-09,71.38,"India"
"1416",2014-01-10,72.185,"India"
"1417",2014-01-13,71.451,"India"
"1418",2014-01-14,71.997,"India"
"1419",2014-01-15,73.271,"India"
"1420",2014-01-16,73.083,"India"
"1421",2014-01-17,73.412,"India"
"1422",2014-01-20,73.412,"India"
"1423",2014-01-21,73.841,"India"
"1424",2014-01-22,75.279,"India"
"1425",2014-01-23,75.966,"India"
"1426",2014-01-24,75.521,"India"
"1427",2014-01-27,74.865,"India"
"1428",2014-01-28,76.17,"India"
"1429",2014-01-29,76.052,"India"
"1430",2014-01-30,76.763,"India"
"1431",2014-01-31,76.216,"India"
"1432",2014-02-03,75.349,"India"
"1433",2014-02-04,75.974,"India"
"1434",2014-02-05,76.099,"India"
"1435",2014-02-06,76.443,"India"
"1436",2014-02-07,78.115,"India"
"1437",2014-02-10,78.224,"India"
"1438",2014-02-11,78.099,"India"
"1439",2014-02-12,78.428,"India"
"1440",2014-02-13,78.342,"India"
"1441",2014-02-14,78.373,"India"
"1442",2014-02-17,78.373,"India"
"1443",2014-02-18,80.115,"India"
"1444",2014-02-19,80.834,"India"
"1445",2014-02-20,80.631,"India"
"1446",2014-02-21,80.107,"India"
"1447",2014-02-24,80.607,"India"
"1448",2014-02-25,79.85,"India"
"1449",2014-02-26,80.42,"India"
"1450",2014-02-27,80.225,"India"
"1451",2014-02-28,80.381,"India"
"1452",2014-03-03,82.303,"India"
"1453",2014-03-04,80.975,"India"
"1454",2014-03-05,79.498,"India"
"1455",2014-03-06,79.553,"India"
"1456",2014-03-07,80.334,"India"
"1457",2014-03-10,79.217,"India"
"1458",2014-03-11,78.357,"India"
"1459",2014-03-12,76.795,"India"
"1460",2014-03-13,77.013,"India"
"1461",2014-03-14,77.529,"India"
"1462",2014-03-17,76.904,"India"
"1463",2014-03-18,78.193,"India"
"1464",2014-03-19,78.685,"India"
"1465",2014-03-20,77.881,"India"
"1466",2014-03-21,78.107,"India"
"1467",2014-03-24,78.17,"India"
"1468",2014-03-25,77.865,"India"
"1469",2014-03-26,78.607,"India"
"1470",2014-03-27,79.107,"India"
"1471",2014-03-28,79.482,"India"
"1472",2014-03-31,79.357,"India"
"1473",2014-04-01,77.888,"India"
"1474",2014-04-02,77.818,"India"
"1475",2014-04-03,78.357,"India"
"1476",2014-04-04,79.037,"India"
"1477",2014-04-07,78.467,"India"
"1478",2014-04-08,80.139,"India"
"1479",2014-04-09,80.904,"India"
"1480",2014-04-10,80.764,"India"
"1481",2014-04-11,81.006,"India"
"1482",2014-04-14,81.295,"India"
"1483",2014-04-15,81.022,"India"
"1484",2014-04-16,81.029,"India"
"1485",2014-04-17,81.514,"India"
"1486",2014-04-18,81.514,"India"
"1487",2014-04-21,81.529,"India"
"1488",2014-04-22,79.451,"India"
"1489",2014-04-23,79.279,"India"
"1490",2014-04-24,79.85,"India"
"1491",2014-04-25,78.795,"India"
"1492",2014-04-28,79.014,"India"
"1493",2014-04-29,79.35,"India"
"1494",2014-04-30,78.185,"India"
"1495",2014-05-01,77.888,"India"
"1496",2014-05-02,78.201,"India"
"1497",2014-05-05,77.928,"India"
"1498",2014-05-06,77.982,"India"
"1499",2014-05-07,78.959,"India"
"1500",2014-05-08,78.537,"India"
"1501",2014-05-09,78.381,"India"
"1502",2014-05-12,78.826,"India"
"1503",2014-05-13,79.701,"India"
"1504",2014-05-14,80.186,"India"
"1505",2014-05-15,79.49,"India"
"1506",2014-05-16,79.935,"India"
"1507",2014-05-19,80.436,"India"
"1508",2014-05-20,80.318,"India"
"1509",2014-05-21,81.498,"India"
"1510",2014-05-22,81.279,"India"
"1511",2014-05-23,82.045,"India"
"1512",2014-05-26,82.045,"India"
"1513",2014-05-27,81.865,"India"
"1514",2014-05-28,80.764,"India"
"1515",2014-05-29,81.459,"India"
"1516",2014-05-30,80.787,"India"
"1517",2014-06-02,80.529,"India"
"1518",2014-06-03,80.74,"India"
"1519",2014-06-04,80.686,"India"
"1520",2014-06-05,80.607,"India"
"1521",2014-06-06,80.725,"India"
"1522",2014-06-09,82.108,"India"
"1523",2014-06-10,82.053,"India"
"1524",2014-06-11,82.068,"India"
"1525",2014-06-12,83.756,"India"
"1526",2014-06-13,83.983,"India"
"1527",2014-06-16,84.006,"India"
"1528",2014-06-17,83.561,"India"
"1529",2014-06-18,83.319,"India"
"1530",2014-06-19,83.662,"India"
"1531",2014-06-20,84.342,"India"
"1532",2014-06-23,83.467,"India"
"1533",2014-06-24,83.319,"India"
"1534",2014-06-25,83.631,"India"
"1535",2014-06-26,83.201,"India"
"1536",2014-06-27,83.178,"India"
"1537",2014-06-30,82.873,"India"
"1538",2014-07-01,82.865,"India"
"1539",2014-07-02,82.178,"India"
"1540",2014-07-03,81.85,"India"
"1541",2014-07-04,81.85,"India"
"1542",2014-07-07,81.404,"India"
"1543",2014-07-08,81.303,"India"
"1544",2014-07-09,80.42,"India"
"1545",2014-07-10,80.951,"India"
"1546",2014-07-11,79.287,"India"
"1547",2014-07-14,79.482,"India"
"1548",2014-07-15,78.568,"India"
"1549",2014-07-16,79.6,"India"
"1550",2014-07-17,81.131,"India"
"1551",2014-07-18,81.123,"India"
"1552",2014-07-21,82.303,"India"
"1553",2014-07-22,81.717,"India"
"1554",2014-07-23,81.107,"India"
"1555",2014-07-24,80.287,"India"
"1556",2014-07-25,82.217,"India"
"1557",2014-07-28,82.568,"India"
"1558",2014-07-29,81.967,"India"
"1559",2014-07-30,81.482,"India"
"1560",2014-07-31,76.748,"India"
"1561",2014-08-01,76.459,"India"
"1562",2014-08-04,76.771,"India"
"1563",2014-08-05,76.052,"India"
"1564",2014-08-06,75.732,"India"
"1565",2014-08-07,76.052,"India"
"1566",2014-08-08,76.263,"India"
"1567",2014-08-11,76.638,"India"
"1568",2014-08-12,76.068,"India"
"1569",2014-08-13,76.232,"India"
"1570",2014-08-14,74.646,"India"
"1571",2014-08-15,76.021,"India"
"1572",2014-08-18,75.349,"India"
"1573",2014-08-19,73.716,"India"
"1574",2014-08-20,75.318,"India"
"1575",2014-08-21,73.419,"India"
"1576",2014-08-22,73.138,"India"
"1577",2014-08-25,74.529,"India"
"1578",2014-08-26,74.834,"India"
"1579",2014-08-27,74.865,"India"
"1580",2014-08-28,75.349,"India"
"1581",2014-08-29,76.459,"India"
"1582",2014-09-01,76.459,"India"
"1583",2014-09-02,72.599,"India"
"1584",2014-09-03,74.615,"India"
"1585",2014-09-04,73.841,"India"
"1586",2014-09-05,72.912,"India"
"1587",2014-09-08,72.38,"India"
"1588",2014-09-09,72.451,"India"
"1589",2014-09-10,71.654,"India"
"1590",2014-09-11,72.576,"India"
"1591",2014-09-12,72.021,"India"
"1592",2014-09-15,72.552,"India"
"1593",2014-09-16,74.154,"India"
"1594",2014-09-17,73.701,"India"
"1595",2014-09-18,72.716,"India"
"1596",2014-09-19,72.216,"India"
"1597",2014-09-22,71.458,"India"
"1598",2014-09-23,71.529,"India"
"1599",2014-09-24,73.13,"India"
"1600",2014-09-25,73.122,"India"
"1601",2014-09-26,74.654,"India"
"1602",2014-09-29,73.857,"India"
"1603",2014-09-30,71.232,"India"
"1604",2014-10-01,70.896,"India"
"1605",2014-10-02,71.115,"India"
"1606",2014-10-03,70.13,"India"
"1607",2014-10-06,70.575,"India"
"1608",2014-10-07,69.45,"India"
"1609",2014-10-08,68.2,"India"
"1610",2014-10-09,67.005,"India"
"1611",2014-10-10,67.091,"India"
"1612",2014-10-13,66.981,"India"
"1613",2014-10-14,63.848,"India"
"1614",2014-10-15,63.927,"India"
"1615",2014-10-16,64.325,"India"
"1616",2014-10-17,64.692,"India"
"1617",2014-10-20,64.661,"India"
"1618",2014-10-21,65.044,"India"
"1619",2014-10-22,62.911,"India"
"1620",2014-10-23,64.7,"India"
"1621",2014-10-24,63.497,"India"
"1622",2014-10-27,63.489,"India"
"1623",2014-10-28,63.567,"India"
"1624",2014-10-29,64.262,"India"
"1625",2014-10-30,63.333,"India"
"1626",2014-10-31,62.919,"India"
"1627",2014-11-03,61.544,"India"
"1628",2014-11-04,60.278,"India"
"1629",2014-11-05,61.497,"India"
"1630",2014-11-06,60.84,"India"
"1631",2014-11-07,61.497,"India"
"1632",2014-11-10,60.497,"India"
"1633",2014-11-11,60.825,"India"
"1634",2014-11-12,60.286,"India"
"1635",2014-11-13,57.918,"India"
"1636",2014-11-14,59.309,"India"
"1637",2014-11-17,59.098,"India"
"1638",2014-11-18,58.246,"India"
"1639",2014-11-19,58.246,"India"
"1640",2014-11-20,59.09,"India"
"1641",2014-11-21,59.786,"India"
"1642",2014-11-24,59.176,"India"
"1643",2014-11-25,57.848,"India"
"1644",2014-11-26,57.582,"India"
"1645",2014-11-27,57.582,"India"
"1646",2014-11-28,51.519,"India"
"1647",2014-12-01,53.895,"India"
"1648",2014-12-02,52.34,"India"
"1649",2014-12-03,52.582,"India"
"1650",2014-12-04,52.137,"India"
"1651",2014-12-05,51.48,"India"
"1652",2014-12-08,49.324,"India"
"1653",2014-12-09,49.8,"India"
"1654",2014-12-10,47.652,"India"
"1655",2014-12-11,46.886,"India"
"1656",2014-12-12,45.167,"India"
"1657",2014-12-15,43.722,"India"
"1658",2014-12-16,43.73,"India"
"1659",2014-12-17,44.089,"India"
"1660",2014-12-18,42.331,"India"
"1661",2014-12-19,44.464,"India"
"1662",2014-12-22,43.167,"India"
"1663",2014-12-23,44.363,"India"
"1664",2014-12-24,43.519,"India"
"1665",2014-12-25,43.519,"India"
"1666",2014-12-26,42.652,"India"
"1667",2014-12-29,41.769,"India"
"1668",2014-12-30,42.3,"India"
"1669",2014-12-31,41.761,"India"
"1670",2015-01-01,41.761,"India"
"1671",2015-01-02,41.19,"India"
"1672",2015-01-05,39.104,"India"
"1673",2015-01-06,37.487,"India"
"1674",2015-01-07,38.042,"India"
"1675",2015-01-08,38.128,"India"
"1676",2015-01-09,37.776,"India"
"1677",2015-01-12,35.987,"India"
"1678",2015-01-13,35.878,"India"
"1679",2015-01-14,37.886,"India"
"1680",2015-01-15,36.229,"India"
"1681",2015-01-16,37.886,"India"
"1682",2015-01-19,37.886,"India"
"1683",2015-01-20,36.557,"India"
"1684",2015-01-21,37.386,"India"
"1685",2015-01-22,35.885,"India"
"1686",2015-01-23,35.362,"India"
"1687",2015-01-26,35.003,"India"
"1688",2015-01-27,35.815,"India"
"1689",2015-01-28,34.44,"India"
"1690",2015-01-29,34.471,"India"
"1691",2015-01-30,37.339,"India"
"1692",2015-02-02,38.479,"India"
"1693",2015-02-03,41.441,"India"
"1694",2015-02-04,37.854,"India"
"1695",2015-02-05,39.44,"India"
"1696",2015-02-06,40.362,"India"
"1697",2015-02-09,41.401,"India"
"1698",2015-02-10,39.112,"India"
"1699",2015-02-11,38.128,"India"
"1700",2015-02-12,39.979,"India"
"1701",2015-02-13,41.144,"India"
"1702",2015-02-16,41.144,"India"
"1703",2015-02-17,41.847,"India"
"1704",2015-02-18,40.73,"India"
"1705",2015-02-19,39.94,"India"
"1706",2015-02-20,39.026,"India"
"1707",2015-02-23,38.722,"India"
"1708",2015-02-24,37.878,"India"
"1709",2015-02-25,39.261,"India"
"1710",2015-02-26,37.229,"India"
"1711",2015-02-27,38.94,"India"
"1712",2015-03-02,38.745,"India"
"1713",2015-03-03,39.401,"India"
"1714",2015-03-04,40.261,"India"
"1715",2015-03-05,39.659,"India"
"1716",2015-03-06,38.761,"India"
"1717",2015-03-09,39.026,"India"
"1718",2015-03-10,37.831,"India"
"1719",2015-03-11,37.55,"India"
"1720",2015-03-12,36.815,"India"
"1721",2015-03-13,35.065,"India"
"1722",2015-03-16,34.323,"India"
"1723",2015-03-17,33.901,"India"
"1724",2015-03-18,34.87,"India"
"1725",2015-03-19,34.393,"India"
"1726",2015-03-20,35.94,"India"
"1727",2015-03-23,37.034,"India"
"1728",2015-03-24,36.745,"India"
"1729",2015-03-25,38.089,"India"
"1730",2015-03-26,40.167,"India"
"1731",2015-03-27,38.151,"India"
"1732",2015-03-30,38.018,"India"
"1733",2015-03-31,37.284,"India"
"1734",2015-04-01,39.159,"India"
"1735",2015-04-02,38.386,"India"
"1736",2015-04-03,38.386,"India"
"1737",2015-04-06,40.69,"India"
"1738",2015-04-07,42.151,"India"
"1739",2015-04-08,39.409,"India"
"1740",2015-04-09,39.683,"India"
"1741",2015-04-10,40.339,"India"
"1742",2015-04-13,40.589,"India"
"1743",2015-04-14,41.644,"India"
"1744",2015-04-15,43.949,"India"
"1745",2015-04-16,44.292,"India"
"1746",2015-04-17,43.527,"India"
"1747",2015-04-20,44.042,"India"
"1748",2015-04-21,43.425,"India"
"1749",2015-04-22,43.886,"India"
"1750",2015-04-23,44.214,"India"
"1751",2015-04-24,43.738,"India"
"1752",2015-04-27,43.409,"India"
"1753",2015-04-28,44.574,"India"
"1754",2015-04-29,45.746,"India"
"1755",2015-04-30,46.582,"India"
"1756",2015-05-01,46.175,"India"
"1757",2015-05-04,46.035,"India"
"1758",2015-05-05,47.175,"India"
"1759",2015-05-06,47.605,"India"
"1760",2015-05-07,46.089,"India"
"1761",2015-05-08,46.417,"India"
"1762",2015-05-11,46.277,"India"
"1763",2015-05-12,47.441,"India"
"1764",2015-05-13,47.269,"India"
"1765",2015-05-14,46.792,"India"
"1766",2015-05-15,46.667,"India"
"1767",2015-05-18,46.441,"India"
"1768",2015-05-19,44.769,"India"
"1769",2015-05-20,46.066,"India"
"1770",2015-05-21,47.019,"India"
"1771",2015-05-22,46.003,"India"
"1772",2015-05-25,46.003,"India"
"1773",2015-05-26,44.761,"India"
"1774",2015-05-27,44.933,"India"
"1775",2015-05-28,45.074,"India"
"1776",2015-05-29,47.074,"India"
"1777",2015-06-01,47.066,"India"
"1778",2015-06-02,47.894,"India"
"1779",2015-06-03,46.621,"India"
"1780",2015-06-04,45.316,"India"
"1781",2015-06-05,46.183,"India"
"1782",2015-06-08,45.433,"India"
"1783",2015-06-09,46.996,"India"
"1784",2015-06-10,47.941,"India"
"1785",2015-06-11,47.457,"India"
"1786",2015-06-12,46.847,"India"
"1787",2015-06-15,46.511,"India"
"1788",2015-06-16,46.886,"India"
"1789",2015-06-17,46.792,"India"
"1790",2015-06-18,47.199,"India"
"1791",2015-06-19,46.582,"India"
"1792",2015-06-22,46.886,"India"
"1793",2015-06-23,47.699,"India"
"1794",2015-06-24,46.886,"India"
"1795",2015-06-25,46.558,"India"
"1796",2015-06-26,46.417,"India"
"1797",2015-06-29,45.581,"India"
"1798",2015-06-30,46.472,"India"
"1799",2015-07-01,44.488,"India"
"1800",2015-07-02,44.48,"India"
"1801",2015-07-03,44.48,"India"
"1802",2015-07-06,41.003,"India"
"1803",2015-07-07,40.886,"India"
"1804",2015-07-08,40.323,"India"
"1805",2015-07-09,41.222,"India"
"1806",2015-07-10,41.206,"India"
"1807",2015-07-13,40.776,"India"
"1808",2015-07-14,41.448,"India"
"1809",2015-07-15,40.159,"India"
"1810",2015-07-16,39.769,"India"
"1811",2015-07-17,39.753,"India"
"1812",2015-07-20,39.151,"India"
"1813",2015-07-21,39.526,"India"
"1814",2015-07-22,38.495,"India"
"1815",2015-07-23,37.589,"India"
"1816",2015-07-24,37.487,"India"
"1817",2015-07-27,36.854,"India"
"1818",2015-07-28,37.479,"India"
"1819",2015-07-29,38.104,"India"
"1820",2015-07-30,37.917,"India"
"1821",2015-07-31,36.807,"India"
"1822",2015-08-03,35.354,"India"
"1823",2015-08-04,35.745,"India"
"1824",2015-08-05,35.26,"India"
"1825",2015-08-06,34.917,"India"
"1826",2015-08-07,34.276,"India"
"1827",2015-08-10,35.112,"India"
"1828",2015-08-11,33.682,"India"
"1829",2015-08-12,33.768,"India"
"1830",2015-08-13,33.026,"India"
"1831",2015-08-14,33.166,"India"
"1832",2015-08-17,32.76,"India"
"1833",2015-08-18,33.268,"India"
"1834",2015-08-19,31.838,"India"
"1835",2015-08-20,32.034,"India"
"1836",2015-08-21,31.604,"India"
"1837",2015-08-24,29.862,"India"
"1838",2015-08-25,30.588,"India"
"1839",2015-08-26,30.08,"India"
"1840",2015-08-27,33.182,"India"
"1841",2015-08-28,35.385,"India"
"1842",2015-08-31,38.44,"India"
"1843",2015-09-01,35.456,"India"
"1844",2015-09-02,36.175,"India"
"1845",2015-09-03,36.526,"India"
"1846",2015-09-04,35.956,"India"
"1847",2015-09-07,35.956,"India"
"1848",2015-09-08,35.878,"India"
"1849",2015-09-09,34.479,"India"
"1850",2015-09-10,35.823,"India"
"1851",2015-09-11,34.963,"India"
"1852",2015-09-14,34.432,"India"
"1853",2015-09-15,34.831,"India"
"1854",2015-09-16,36.815,"India"
"1855",2015-09-17,36.667,"India"
"1856",2015-09-18,34.932,"India"
"1857",2015-09-21,36.464,"India"
"1858",2015-09-22,36.073,"India"
"1859",2015-09-23,34.792,"India"
"1860",2015-09-24,35.112,"India"
"1861",2015-09-25,35.589,"India"
"1862",2015-09-28,34.69,"India"
"1863",2015-09-29,35.346,"India"
"1864",2015-09-30,35.206,"India"
"1865",2015-10-01,34.963,"India"
"1866",2015-10-02,35.581,"India"
"1867",2015-10-05,36.159,"India"
"1868",2015-10-06,37.917,"India"
"1869",2015-10-07,37.393,"India"
"1870",2015-10-08,38.643,"India"
"1871",2015-10-09,38.808,"India"
"1872",2015-10-12,36.792,"India"
"1873",2015-10-13,36.487,"India"
"1874",2015-10-14,36.432,"India"
"1875",2015-10-15,36.237,"India"
"1876",2015-10-16,36.956,"India"
"1877",2015-10-19,35.87,"India"
"1878",2015-10-20,35.815,"India"
"1879",2015-10-21,35.331,"India"
"1880",2015-10-22,35.081,"India"
"1881",2015-10-23,34.307,"India"
"1882",2015-10-26,33.745,"India"
"1883",2015-10-27,33.76,"India"
"1884",2015-10-28,35.885,"India"
"1885",2015-10-29,35.956,"India"
"1886",2015-10-30,36.409,"India"
"1887",2015-11-02,36.034,"India"
"1888",2015-11-03,37.409,"India"
"1889",2015-11-04,36.19,"India"
"1890",2015-11-05,35.37,"India"
"1891",2015-11-06,34.628,"India"
"1892",2015-11-09,34.276,"India"
"1893",2015-11-10,34.557,"India"
"1894",2015-11-11,33.557,"India"
"1895",2015-11-12,32.612,"India"
"1896",2015-11-13,31.791,"India"
"1897",2015-11-16,32.565,"India"
"1898",2015-11-17,31.823,"India"
"1899",2015-11-18,31.838,"India"
"1900",2015-11-19,31.682,"India"
"1901",2015-11-20,30.776,"India"
"1902",2015-11-23,30.682,"India"
"1903",2015-11-24,31.948,"India"
"1904",2015-11-25,32.205,"India"
"1905",2015-11-26,32.205,"India"
"1906",2015-11-27,31.698,"India"
"1907",2015-11-30,31.588,"India"
"1908",2015-12-01,31.705,"India"
"1909",2015-12-02,31.198,"India"
"1910",2015-12-03,32.096,"India"
"1911",2015-12-04,31.252,"India"
"1912",2015-12-07,29.408,"India"
"1913",2015-12-08,29.268,"India"
"1914",2015-12-09,29.033,"India"
"1915",2015-12-10,28.721,"India"
"1916",2015-12-11,27.854,"India"
"1917",2015-12-14,28.369,"India"
"1918",2015-12-15,29.158,"India"
"1919",2015-12-16,27.775,"India"
"1920",2015-12-17,27.33,"India"
"1921",2015-12-18,27.127,"India"
"1922",2015-12-21,26.994,"India"
"1923",2015-12-22,28.221,"India"
"1924",2015-12-23,28.721,"India"
"1925",2015-12-24,29.393,"India"
"1926",2015-12-25,29.393,"India"
"1927",2015-12-28,28.408,"India"
"1928",2015-12-29,29.596,"India"
"1929",2015-12-30,28.588,"India"
"1930",2015-12-31,29.01,"India"
"1931",2016-01-01,29.01,"India"
"1932",2016-01-04,28.76,"India"
"1933",2016-01-05,28.104,"India"
"1934",2016-01-06,26.541,"India"
"1935",2016-01-07,26.01,"India"
"1936",2016-01-08,25.939,"India"
"1937",2016-01-11,24.549,"India"
"1938",2016-01-12,23.767,"India"
"1939",2016-01-13,23.767,"India"
"1940",2016-01-14,24.392,"India"
"1941",2016-01-15,23.009,"India"
"1942",2016-01-18,23.009,"India"
"1943",2016-01-19,22.244,"India"
"1944",2016-01-20,20.845,"India"
"1945",2016-01-21,23.088,"India"
"1946",2016-01-22,25.057,"India"
"1947",2016-01-25,23.681,"India"
"1948",2016-01-26,23.08,"India"
"1949",2016-01-27,25.252,"India"
"1950",2016-01-28,25.947,"India"
"1951",2016-01-29,26.299,"India"
"1952",2016-02-01,24.705,"India"
"1953",2016-02-02,23.361,"India"
"1954",2016-02-03,25.228,"India"
"1955",2016-02-04,24.713,"India"
"1956",2016-02-05,24.111,"India"
"1957",2016-02-08,23.213,"India"
"1958",2016-02-09,21.845,"India"
"1959",2016-02-10,21.517,"India"
"1960",2016-02-11,20.462,"India"
"1961",2016-02-12,22.908,"India"
"1962",2016-02-15,22.908,"India"
"1963",2016-02-16,22.697,"India"
"1964",2016-02-17,23.97,"India"
"1965",2016-02-18,24.041,"India"
"1966",2016-02-19,23.119,"India"
"1967",2016-02-22,24.51,"India"
"1968",2016-02-23,24.877,"India"
"1969",2016-02-24,23.713,"India"
"1970",2016-02-25,24.533,"India"
"1971",2016-02-26,24.728,"India"
"1972",2016-02-29,25.58,"India"
"1973",2016-03-01,26.869,"India"
"1974",2016-03-02,27.01,"India"
"1975",2016-03-03,27.002,"India"
"1976",2016-03-04,28.057,"India"
"1977",2016-03-07,29.612,"India"
"1978",2016-03-08,28.651,"India"
"1979",2016-03-09,29.393,"India"
"1980",2016-03-10,29.51,"India"
"1981",2016-03-11,30.088,"India"
"1982",2016-03-14,29.065,"India"
"1983",2016-03-15,28.377,"India"
"1984",2016-03-16,30.026,"India"
"1985",2016-03-17,31.385,"India"
"1986",2016-03-18,30.838,"India"
"1987",2016-03-21,31.182,"India"
"1988",2016-03-22,32.385,"India"
"1989",2016-03-23,29.908,"India"
"1990",2016-03-24,29.799,"India"
"1991",2016-03-25,29.799,"India"
"1992",2016-03-28,29.682,"India"
"1993",2016-03-29,28.838,"India"
"1994",2016-03-30,28.838,"India"
"1995",2016-03-31,28.861,"India"
"1996",2016-04-01,27.627,"India"
"1997",2016-04-04,26.799,"India"
"1998",2016-04-05,26.971,"India"
"1999",2016-04-06,29.487,"India"
"2000",2016-04-07,29.143,"India"
"2001",2016-04-08,31.049,"India"
"2002",2016-04-11,31.612,"India"
"2003",2016-04-12,32.909,"India"
"2004",2016-04-13,32.58,"India"
"2005",2016-04-14,32.385,"India"
"2006",2016-04-15,31.565,"India"
"2007",2016-04-18,31.049,"India"
"2008",2016-04-19,31.94,"India"
"2009",2016-04-20,33.377,"India"
"2010",2016-04-21,33.737,"India"
"2011",2016-04-22,33.409,"India"
"2012",2016-04-25,32.557,"India"
"2013",2016-04-26,33.221,"India"
"2014",2016-04-27,35.385,"India"
"2015",2016-04-28,35.964,"India"
"2016",2016-04-29,35.924,"India"
"2017",2016-05-02,34.963,"India"
"2018",2016-05-03,34.104,"India"
"2019",2016-05-04,34.198,"India"
"2020",2016-05-05,34.635,"India"
"2021",2016-05-06,34.831,"India"
"2022",2016-05-09,33.948,"India"
"2023",2016-05-10,34.909,"India"
"2024",2016-05-11,36.104,"India"
"2025",2016-05-12,36.44,"India"
"2026",2016-05-13,36.112,"India"
"2027",2016-05-16,37.284,"India"
"2028",2016-05-17,37.729,"India"
"2029",2016-05-18,37.596,"India"
"2030",2016-05-19,37.628,"India"
"2031",2016-05-20,37.245,"India"
"2032",2016-05-23,37.596,"India"
"2033",2016-05-24,37.534,"India"
"2034",2016-05-25,38.362,"India"
"2035",2016-05-26,38.284,"India"
"2036",2016-05-27,38.565,"India"
"2037",2016-05-30,38.565,"India"
"2038",2016-05-31,38.362,"India"
"2039",2016-06-01,38.339,"India"
"2040",2016-06-02,38.393,"India"
"2041",2016-06-03,38.042,"India"
"2042",2016-06-06,38.839,"India"
"2043",2016-06-07,39.354,"India"
"2044",2016-06-08,40.026,"India"
"2045",2016-06-09,39.472,"India"
"2046",2016-06-10,38.354,"India"
"2047",2016-06-13,38.198,"India"
"2048",2016-06-14,37.886,"India"
"2049",2016-06-15,37.44,"India"
"2050",2016-06-16,36.049,"India"
"2051",2016-06-17,37.503,"India"
"2052",2016-06-20,38.597,"India"
"2053",2016-06-21,38.245,"India"
"2054",2016-06-22,38.409,"India"
"2055",2016-06-23,38.55,"India"
"2056",2016-06-24,36.487,"India"
"2057",2016-06-27,35.784,"India"
"2058",2016-06-28,37.448,"India"
"2059",2016-06-29,38.948,"India"
"2060",2016-06-30,37.714,"India"
"2061",2016-07-01,38.3,"India"
"2062",2016-07-04,38.3,"India"
"2063",2016-07-05,36.51,"India"
"2064",2016-07-06,37.011,"India"
"2065",2016-07-07,35.331,"India"
"2066",2016-07-08,35.448,"India"
"2067",2016-07-11,34.948,"India"
"2068",2016-07-12,36.581,"India"
"2069",2016-07-13,35.057,"India"
"2070",2016-07-14,35.659,"India"
"2071",2016-07-15,35.885,"India"
"2072",2016-07-18,35.339,"India"
"2073",2016-07-19,34.878,"India"
"2074",2016-07-20,35.128,"India"
"2075",2016-07-21,34.346,"India"
"2076",2016-07-22,33.917,"India"
"2077",2016-07-25,33.127,"India"
"2078",2016-07-26,32.94,"India"
"2079",2016-07-27,32.737,"India"
"2080",2016-07-28,32.135,"India"
"2081",2016-07-29,32.455,"India"
"2082",2016-08-01,31.291,"India"
"2083",2016-08-02,30.862,"India"
"2084",2016-08-03,31.877,"India"
"2085",2016-08-04,32.752,"India"
"2086",2016-08-05,32.682,"India"
"2087",2016-08-08,33.643,"India"
"2088",2016-08-09,33.424,"India"
"2089",2016-08-10,32.62,"India"
"2090",2016-08-11,33.995,"India"
"2091",2016-08-12,34.745,"India"
"2092",2016-08-15,35.721,"India"
"2093",2016-08-16,36.385,"India"
"2094",2016-08-17,36.573,"India"
"2095",2016-08-18,37.659,"India"
"2096",2016-08-19,37.878,"India"
"2097",2016-08-22,36.565,"India"
"2098",2016-08-23,37.143,"India"
"2099",2016-08-24,36.167,"India"
"2100",2016-08-25,36.698,"India"
"2101",2016-08-26,37.221,"India"
"2102",2016-08-29,36.698,"India"
"2103",2016-08-30,36.19,"India"
"2104",2016-08-31,34.909,"India"
"2105",2016-09-01,33.729,"India"
"2106",2016-09-02,34.682,"India"
"2107",2016-09-05,34.682,"India"
"2108",2016-09-06,35.042,"India"
"2109",2016-09-07,35.526,"India"
"2110",2016-09-08,37.214,"India"
"2111",2016-09-09,35.846,"India"
"2112",2016-09-12,36.159,"India"
"2113",2016-09-13,35.088,"India"
"2114",2016-09-14,34.081,"India"
"2115",2016-09-15,34.26,"India"
"2116",2016-09-16,33.627,"India"
"2117",2016-09-19,33.862,"India"
"2118",2016-09-20,34.26,"India"
"2119",2016-09-21,35.417,"India"
"2120",2016-09-22,36.018,"India"
"2121",2016-09-23,34.659,"India"
"2122",2016-09-26,35.628,"India"
"2123",2016-09-27,34.885,"India"
"2124",2016-09-28,36.776,"India"
"2125",2016-09-29,37.284,"India"
"2126",2016-09-30,37.284,"India"
"2127",2016-10-03,38.128,"India"
"2128",2016-10-04,38.026,"India"
"2129",2016-10-05,38.87,"India"
"2130",2016-10-06,39.409,"India"
"2131",2016-10-07,38.878,"India"
"2132",2016-10-10,38.878,"India"
"2133",2016-10-11,39.628,"India"
"2134",2016-10-12,39.175,"India"
"2135",2016-10-13,39.433,"India"
"2136",2016-10-14,39.339,"India"
"2137",2016-10-17,39.042,"India"
"2138",2016-10-18,39.3,"India"
"2139",2016-10-19,40.308,"India"
"2140",2016-10-20,39.308,"India"
"2141",2016-10-21,39.542,"India"
"2142",2016-10-24,39.206,"India"
"2143",2016-10-25,38.636,"India"
"2144",2016-10-26,38.089,"India"
"2145",2016-10-27,38.839,"India"
"2146",2016-10-28,38.065,"India"
"2147",2016-10-31,36.589,"India"
"2148",2016-11-01,36.456,"India"
"2149",2016-11-02,35.409,"India"
"2150",2016-11-03,34.893,"India"
"2151",2016-11-04,34.432,"India"
"2152",2016-11-07,35.065,"India"
"2153",2016-11-08,35.128,"India"
"2154",2016-11-09,35.315,"India"
"2155",2016-11-10,34.862,"India"
"2156",2016-11-11,33.901,"India"
"2157",2016-11-14,33.823,"India"
"2158",2016-11-15,35.831,"India"
"2159",2016-11-16,35.596,"India"
"2160",2016-11-17,35.448,"India"
"2161",2016-11-18,35.698,"India"
"2162",2016-11-21,37.096,"India"
"2163",2016-11-22,37.557,"India"
"2164",2016-11-23,36.503,"India"
"2165",2016-11-24,36.503,"India"
"2166",2016-11-25,36.503,"India"
"2167",2016-11-28,35.674,"India"
"2168",2016-11-29,35.385,"India"
"2169",2016-11-30,38.604,"India"
"2170",2016-12-01,39.909,"India"
"2171",2016-12-02,40.394,"India"
"2172",2016-12-05,40.409,"India"
"2173",2016-12-06,39.808,"India"
"2174",2016-12-07,38.948,"India"
"2175",2016-12-08,39.722,"India"
"2176",2016-12-09,40.245,"India"
"2177",2016-12-12,41.206,"India"
"2178",2016-12-13,41.401,"India"
"2179",2016-12-14,39.854,"India"
"2180",2016-12-15,39.769,"India"
"2181",2016-12-16,40.573,"India"
"2182",2016-12-19,40.73,"India"
