,Date,H_NY_PRE,H_NY,H_NY_POST,H_CNY_PRE,H_CNY,H_CNY_POST,H_QM_PRE,H_QM,H_QM_POST,H_LABOUR_PRE,H_LABOUR,H_LABOUR_POST,H_DB_PRE,H_DB,H_DB_POST,H_MA_PRE,H_MA,H_MA_POST,H_ND_PRE,H_ND,H_ND_POST
1,2010/10/10,0,0,0,0,0,0,0,0,0,0,0,0,0,0,0,0,0,0,0,0,0
2,2010/10/17,0,0,0,0,0,0,0,0,0,0,0,0,0,0,0,0,0,0,0,0,0
3,2010/10/24,0,0,0,0,0,0,0,0,0,0,0,0,0,0,0,0,0,0,0,0,0
4,2010/10/31,0,0,0,0,0,0,0,0,0,0,0,0,0,0,0,0,0,0,0,0,0
5,2010/11/7,0,0,0,0,0,0,0,0,0,0,0,0,0,0,0,0,0,0,0,0,0
6,2010/11/14,0,0,0,0,0,0,0,0,0,0,0,0,0,0,0,0,0,0,0,0,0
7,2010/11/21,0,0,0,0,0,0,0,0,0,0,0,0,0,0,0,0,0,0,0,0,0
8,2010/11/28,0,0,0,0,0,0,0,0,0,0,0,0,0,0,0,0,0,0,0,0,0
9,2010/12/5,0,0,0,0,0,0,0,0,0,0,0,0,0,0,0,0,0,0,0,0,0
10,2010/12/12,0,0,0,0,0,0,0,0,0,0,0,0,0,0,0,0,0,0,0,0,0
11,2010/12/19,0,0,0,0,0,0,0,0,0,0,0,0,0,0,0,0,0,0,0,0,0
12,2010/12/26,0,0,0,0,0,0,0,0,0,0,0,0,0,0,0,0,0,0,0,0,0
13,2011/1/2,0,0,0,0,0,0,0,0,0,0,0,0,0,0,0,0,0,0,0,0,0
14,2011/1/9,0,0,0,0,0,0,0,0,0,0,0,0,0,0,0,0,0,0,0,0,0
15,2011/1/16,0,0,0,0,0,0,0,0,0,0,0,0,0,0,0,0,0,0,0,0,0
16,2011/1/23,0,0,0,0,0,0,0,0,0,0,0,0,0,0,0,0,0,0,0,0,0
17,2011/1/30,0,0,0,0,0,0,0,0,0,0,0,0,0,0,0,0,0,0,0,0,0
18,2011/2/6,0,0,0,0,0,0,0,0,0,0,0,0,0,0,0,0,0,0,0,0,0
19,2011/2/13,0,0,0,0,0,0,0,0,0,0,0,0,0,0,0,0,0,0,0,0,0
20,2011/2/20,0,0,0,0,0,0,0,0,0,0,0,0,0,0,0,0,0,0,0,0,0
21,2011/2/27,0,0,0,0,0,0,0,0,0,0,0,0,0,0,0,0,0,0,0,0,0
22,2011/3/6,0,0,0,0,0,0,0,0,0,0,0,0,0,0,0,0,0,0,0,0,0
23,2011/3/13,0,0,0,0,0,0,0,0,0,0,0,0,0,0,0,0,0,0,0,0,0
24,2011/3/20,0,0,0,0,0,0,0,0,0,0,0,0,0,0,0,0,0,0,0,0,0
25,2011/3/27,0,0,0,0,0,0,0,0,0,0,0,0,0,0,0,0,0,0,0,0,0
26,2011/4/3,0,0,0,0,0,0,0,0,0,0,0,0,0,0,0,0,0,0,0,0,0
27,2011/4/10,0,0,0,0,0,0,0,0,0,0,0,0,0,0,0,0,0,0,0,0,0
28,2011/4/17,0,0,0,0,0,0,0,0,0,0,0,0,0,0,0,0,0,0,0,0,0
29,2011/4/24,0,0,0,0,0,0,0,0,0,0,0,0,0,0,0,0,0,0,0,0,0
30,2011/5/1,0,0,0,0,0,0,0,0,0,0,0,0,0,0,0,0,0,0,0,0,0
31,2011/5/8,0,0,0,0,0,0,0,0,0,0,0,0,0,0,0,0,0,0,0,0,0
32,2011/5/15,0,0,0,0,0,0,0,0,0,0,0,0,0,0,0,0,0,0,0,0,0
33,2011/5/22,0,0,0,0,0,0,0,0,0,0,0,0,0,0,0,0,0,0,0,0,0
34,2011/5/29,0,0,0,0,0,0,0,0,0,0,0,0,0,0,0,0,0,0,0,0,0
35,2011/6/5,0,0,0,0,0,0,0,0,0,0,0,0,0,0,0,0,0,0,0,0,0
36,2011/6/12,0,0,0,0,0,0,0,0,0,0,0,0,0,0,0,0,0,0,0,0,0
37,2011/6/19,0,0,0,0,0,0,0,0,0,0,0,0,0,0,0,0,0,0,0,0,0
38,2011/6/26,0,0,0,0,0,0,0,0,0,0,0,0,0,0,0,0,0,0,0,0,0
39,2011/7/3,0,0,0,0,0,0,0,0,0,0,0,0,0,0,0,0,0,0,0,0,0
40,2011/7/10,0,0,0,0,0,0,0,0,0,0,0,0,0,0,0,0,0,0,0,0,0
41,2011/7/17,0,0,0,0,0,0,0,0,0,0,0,0,0,0,0,0,0,0,0,0,0
42,2011/7/24,0,0,0,0,0,0,0,0,0,0,0,0,0,0,0,0,0,0,0,0,0
43,2011/7/31,0,0,0,0,0,0,0,0,0,0,0,0,0,0,0,0,0,0,0,0,0
44,2011/8/7,0,0,0,0,0,0,0,0,0,0,0,0,0,0,0,0,0,0,0,0,0
45,2011/8/14,0,0,0,0,0,0,0,0,0,0,0,0,0,0,0,0,0,0,0,0,0
46,2011/8/21,0,0,0,0,0,0,0,0,0,0,0,0,0,0,0,0,0,0,0,0,0
47,2011/8/28,0,0,0,0,0,0,0,0,0,0,0,0,0,0,0,0,0,0,0,0,0
48,2011/9/4,0,0,0,0,0,0,0,0,0,0,0,0,0,0,0,0,0,0,0,0,0
49,2011/9/11,0,0,0,0,0,0,0,0,0,0,0,0,0,0,0,0,0,0,0,0,0
50,2011/9/18,0,0,0,0,0,0,0,0,0,0,0,0,0,0,0,0,0,0,0,0,0
51,2011/9/25,0,0,0,0,0,0,0,0,0,0,0,0,0,0,0,0,0,0,0,0,0
52,2011/10/2,0,0,0,0,0,0,0,0,0,0,0,0,0,0,0,0,0,0,0,0,0
53,2011/10/9,0,0,0,0,0,0,0,0,0,0,0,0,0,0,0,0,0,0,0,0,0
54,2011/10/16,0,0,0,0,0,0,0,0,0,0,0,0,0,0,0,0,0,0,0,0,0
55,2011/10/23,0,0,0,0,0,0,0,0,0,0,0,0,0,0,0,0,0,0,0,0,0
56,2011/10/30,0,0,0,0,0,0,0,0,0,0,0,0,0,0,0,0,0,0,0,0,0
57,2011/11/6,0,0,0,0,0,0,0,0,0,0,0,0,0,0,0,0,0,0,0,0,0
58,2011/11/13,0,0,0,0,0,0,0,0,0,0,0,0,0,0,0,0,0,0,0,0,0
59,2011/11/20,0,0,0,0,0,0,0,0,0,0,0,0,0,0,0,0,0,0,0,0,0
60,2011/11/27,0,0,0,0,0,0,0,0,0,0,0,0,0,0,0,0,0,0,0,0,0
61,2011/12/4,0,0,0,0,0,0,0,0,0,0,0,0,0,0,0,0,0,0,0,0,0
62,2011/12/11,0,0,0,0,0,0,0,0,0,0,0,0,0,0,0,0,0,0,0,0,0
63,2011/12/18,0,0,0,0,0,0,0,0,0,0,0,0,0,0,0,0,0,0,0,0,0
64,2011/12/25,1,0,0,0,0,0,0,0,0,0,0,0,0,0,0,0,0,0,0,0,0
65,2012/1/1,0,1,0,0,0,0,0,0,0,0,0,0,0,0,0,0,0,0,0,0,0
66,2012/1/8,0,0,1,0,0,0,0,0,0,0,0,0,0,0,0,0,0,0,0,0,0
67,2012/1/15,0,0,0,1,0,0,0,0,0,0,0,0,0,0,0,0,0,0,0,0,0
68,2012/1/22,0,0,0,0,1,0,0,0,0,0,0,0,0,0,0,0,0,0,0,0,0
69,2012/1/29,0,0,0,0,0,1,0,0,0,0,0,0,0,0,0,0,0,0,0,0,0
70,2012/2/5,0,0,0,0,0,0,0,0,0,0,0,0,0,0,0,0,0,0,0,0,0
71,2012/2/12,0,0,0,0,0,0,0,0,0,0,0,0,0,0,0,0,0,0,0,0,0
72,2012/2/19,0,0,0,0,0,0,0,0,0,0,0,0,0,0,0,0,0,0,0,0,0
73,2012/2/26,0,0,0,0,0,0,0,0,0,0,0,0,0,0,0,0,0,0,0,0,0
74,2012/3/4,0,0,0,0,0,0,0,0,0,0,0,0,0,0,0,0,0,0,0,0,0
75,2012/3/11,0,0,0,0,0,0,0,0,0,0,0,0,0,0,0,0,0,0,0,0,0
76,2012/3/18,0,0,0,0,0,0,0,0,0,0,0,0,0,0,0,0,0,0,0,0,0
77,2012/3/25,0,0,0,0,0,0,1,0,0,0,0,0,0,0,0,0,0,0,0,0,0
78,2012/4/1,0,0,0,0,0,0,0,1,0,0,0,0,0,0,0,0,0,0,0,0,0
79,2012/4/8,0,0,0,0,0,0,0,0,1,0,0,0,0,0,0,0,0,0,0,0,0
80,2012/4/15,0,0,0,0,0,0,0,0,0,0,0,0,0,0,0,0,0,0,0,0,0
81,2012/4/22,0,0,0,0,0,0,0,0,0,1,0,0,0,0,0,0,0,0,0,0,0
82,2012/4/29,0,0,0,0,0,0,0,0,0,0,1,0,0,0,0,0,0,0,0,0,0
83,2012/5/6,0,0,0,0,0,0,0,0,0,0,0,1,0,0,0,0,0,0,0,0,0
84,2012/5/13,0,0,0,0,0,0,0,0,0,0,0,0,0,0,0,0,0,0,0,0,0
85,2012/5/20,0,0,0,0,0,0,0,0,0,0,0,0,0,0,0,0,0,0,0,0,0
86,2012/5/27,0,0,0,0,0,0,0,0,0,0,0,0,0,0,0,0,0,0,0,0,0
87,2012/6/3,0,0,0,0,0,0,0,0,0,0,0,0,0,0,0,0,0,0,0,0,0
88,2012/6/10,0,0,0,0,0,0,0,0,0,0,0,0,1,0,0,0,0,0,0,0,0
89,2012/6/17,0,0,0,0,0,0,0,0,0,0,0,0,1,1,0,0,0,0,0,0,0
90,2012/6/24,0,0,0,0,0,0,0,0,0,0,0,0,0,1,1,0,0,0,0,0,0
91,2012/7/1,0,0,0,0,0,0,0,0,0,0,0,0,0,0,1,0,0,0,0,0,0
92,2012/7/8,0,0,0,0,0,0,0,0,0,0,0,0,0,0,0,0,0,0,0,0,0
93,2012/7/15,0,0,0,0,0,0,0,0,0,0,0,0,0,0,0,0,0,0,0,0,0
94,2012/7/22,0,0,0,0,0,0,0,0,0,0,0,0,0,0,0,0,0,0,0,0,0
95,2012/7/29,0,0,0,0,0,0,0,0,0,0,0,0,0,0,0,0,0,0,0,0,0
96,2012/8/5,0,0,0,0,0,0,0,0,0,0,0,0,0,0,0,0,0,0,0,0,0
97,2012/8/12,0,0,0,0,0,0,0,0,0,0,0,0,0,0,0,0,0,0,0,0,0
98,2012/8/19,0,0,0,0,0,0,0,0,0,0,0,0,0,0,0,0,0,0,0,0,0
99,2012/8/26,0,0,0,0,0,0,0,0,0,0,0,0,0,0,0,0,0,0,0,0,0
100,2012/9/2,0,0,0,0,0,0,0,0,0,0,0,0,0,0,0,0,0,0,0,0,0
101,2012/9/9,0,0,0,0,0,0,0,0,0,0,0,0,0,0,0,0,0,0,0,0,0
102,2012/9/16,0,0,0,0,0,0,0,0,0,0,0,0,0,0,0,0,0,0,0,0,0
103,2012/9/23,0,0,0,0,0,0,0,0,0,0,0,0,0,0,0,1,0,0,1,0,0
104,2012/9/30,0,0,0,0,0,0,0,0,0,0,0,0,0,0,0,0,1,0,1,1,0
105,2012/10/7,0,0,0,0,0,0,0,0,0,0,0,0,0,0,0,0,0,1,0,1,1
106,2012/10/14,0,0,0,0,0,0,0,0,0,0,0,0,0,0,0,0,0,0,0,0,1
107,2012/10/21,0,0,0,0,0,0,0,0,0,0,0,0,0,0,0,0,0,0,0,0,0
108,2012/10/28,0,0,0,0,0,0,0,0,0,0,0,0,0,0,0,0,0,0,0,0,0
109,2012/11/4,0,0,0,0,0,0,0,0,0,0,0,0,0,0,0,0,0,0,0,0,0
110,2012/11/11,0,0,0,0,0,0,0,0,0,0,0,0,0,0,0,0,0,0,0,0,0
111,2012/11/18,0,0,0,0,0,0,0,0,0,0,0,0,0,0,0,0,0,0,0,0,0
112,2012/11/25,0,0,0,0,0,0,0,0,0,0,0,0,0,0,0,0,0,0,0,0,0
113,2012/12/2,0,0,0,0,0,0,0,0,0,0,0,0,0,0,0,0,0,0,0,0,0
114,2012/12/9,0,0,0,0,0,0,0,0,0,0,0,0,0,0,0,0,0,0,0,0,0
115,2012/12/16,0,0,0,0,0,0,0,0,0,0,0,0,0,0,0,0,0,0,0,0,0
116,2012/12/23,1,0,0,0,0,0,0,0,0,0,0,0,0,0,0,0,0,0,0,0,0
117,2012/12/30,0,1,0,0,0,0,0,0,0,0,0,0,0,0,0,0,0,0,0,0,0
118,2013/1/6,0,0,1,0,0,0,0,0,0,0,0,0,0,0,0,0,0,0,0,0,0
119,2013/1/13,0,0,0,0,0,0,0,0,0,0,0,0,0,0,0,0,0,0,0,0,0
120,2013/1/20,0,0,0,0,0,0,0,0,0,0,0,0,0,0,0,0,0,0,0,0,0
121,2013/1/27,0,0,0,1,0,0,0,0,0,0,0,0,0,0,0,0,0,0,0,0,0
122,2013/2/3,0,0,0,1,1,0,0,0,0,0,0,0,0,0,0,0,0,0,0,0,0
123,2013/2/10,0,0,0,0,1,1,0,0,0,0,0,0,0,0,0,0,0,0,0,0,0
124,2013/2/17,0,0,0,0,0,1,0,0,0,0,0,0,0,0,0,0,0,0,0,0,0
125,2013/2/24,0,0,0,0,0,0,0,0,0,0,0,0,0,0,0,0,0,0,0,0,0
126,2013/3/3,0,0,0,0,0,0,0,0,0,0,0,0,0,0,0,0,0,0,0,0,0
127,2013/3/10,0,0,0,0,0,0,0,0,0,0,0,0,0,0,0,0,0,0,0,0,0
128,2013/3/17,0,0,0,0,0,0,0,0,0,0,0,0,0,0,0,0,0,0,0,0,0
129,2013/3/24,0,0,0,0,0,0,1,0,0,0,0,0,0,0,0,0,0,0,0,0,0
130,2013/3/31,0,0,0,0,0,0,0,1,0,0,0,0,0,0,0,0,0,0,0,0,0
131,2013/4/7,0,0,0,0,0,0,0,0,1,0,0,0,0,0,0,0,0,0,0,0,0
132,2013/4/14,0,0,0,0,0,0,0,0,0,0,0,0,0,0,0,0,0,0,0,0,0
133,2013/4/21,0,0,0,0,0,0,0,0,0,1,0,0,0,0,0,0,0,0,0,0,0
134,2013/4/28,0,0,0,0,0,0,0,0,0,0,1,0,0,0,0,0,0,0,0,0,0
135,2013/5/5,0,0,0,0,0,0,0,0,0,0,0,1,0,0,0,0,0,0,0,0,0
136,2013/5/12,0,0,0,0,0,0,0,0,0,0,0,0,0,0,0,0,0,0,0,0,0
137,2013/5/19,0,0,0,0,0,0,0,0,0,0,0,0,0,0,0,0,0,0,0,0,0
138,2013/5/26,0,0,0,0,0,0,0,0,0,0,0,0,0,0,0,0,0,0,0,0,0
139,2013/6/2,0,0,0,0,0,0,0,0,0,0,0,0,1,0,0,0,0,0,0,0,0
140,2013/6/9,0,0,0,0,0,0,0,0,0,0,0,0,0,1,0,0,0,0,0,0,0
141,2013/6/16,0,0,0,0,0,0,0,0,0,0,0,0,0,0,1,0,0,0,0,0,0
142,2013/6/23,0,0,0,0,0,0,0,0,0,0,0,0,0,0,0,0,0,0,0,0,0
143,2013/6/30,0,0,0,0,0,0,0,0,0,0,0,0,0,0,0,0,0,0,0,0,0
144,2013/7/7,0,0,0,0,0,0,0,0,0,0,0,0,0,0,0,0,0,0,0,0,0
145,2013/7/14,0,0,0,0,0,0,0,0,0,0,0,0,0,0,0,0,0,0,0,0,0
146,2013/7/21,0,0,0,0,0,0,0,0,0,0,0,0,0,0,0,0,0,0,0,0,0
147,2013/7/28,0,0,0,0,0,0,0,0,0,0,0,0,0,0,0,0,0,0,0,0,0
148,2013/8/4,0,0,0,0,0,0,0,0,0,0,0,0,0,0,0,0,0,0,0,0,0
149,2013/8/11,0,0,0,0,0,0,0,0,0,0,0,0,0,0,0,0,0,0,0,0,0
150,2013/8/18,0,0,0,0,0,0,0,0,0,0,0,0,0,0,0,0,0,0,0,0,0
151,2013/8/25,0,0,0,0,0,0,0,0,0,0,0,0,0,0,0,0,0,0,0,0,0
152,2013/9/1,0,0,0,0,0,0,0,0,0,0,0,0,0,0,0,0,0,0,0,0,0
153,2013/9/8,0,0,0,0,0,0,0,0,0,0,0,0,0,0,0,1,0,0,0,0,0
154,2013/9/15,0,0,0,0,0,0,0,0,0,0,0,0,0,0,0,0,1,0,0,0,0
155,2013/9/22,0,0,0,0,0,0,0,0,0,0,0,0,0,0,0,0,0,1,1,0,0
156,2013/9/29,0,0,0,0,0,0,0,0,0,0,0,0,0,0,0,0,0,0,0,1,0
157,2013/10/6,0,0,0,0,0,0,0,0,0,0,0,0,0,0,0,0,0,0,0,0,1
158,2013/10/13,0,0,0,0,0,0,0,0,0,0,0,0,0,0,0,0,0,0,0,0,0
159,2013/10/20,0,0,0,0,0,0,0,0,0,0,0,0,0,0,0,0,0,0,0,0,0
160,2013/10/27,0,0,0,0,0,0,0,0,0,0,0,0,0,0,0,0,0,0,0,0,0
161,2013/11/3,0,0,0,0,0,0,0,0,0,0,0,0,0,0,0,0,0,0,0,0,0
162,2013/11/10,0,0,0,0,0,0,0,0,0,0,0,0,0,0,0,0,0,0,0,0,0
163,2013/11/17,0,0,0,0,0,0,0,0,0,0,0,0,0,0,0,0,0,0,0,0,0
164,2013/11/24,0,0,0,0,0,0,0,0,0,0,0,0,0,0,0,0,0,0,0,0,0
165,2013/12/1,0,0,0,0,0,0,0,0,0,0,0,0,0,0,0,0,0,0,0,0,0
166,2013/12/8,0,0,0,0,0,0,0,0,0,0,0,0,0,0,0,0,0,0,0,0,0
167,2013/12/15,0,0,0,0,0,0,0,0,0,0,0,0,0,0,0,0,0,0,0,0,0
168,2013/12/22,1,0,0,0,0,0,0,0,0,0,0,0,0,0,0,0,0,0,0,0,0
169,2013/12/29,0,1,0,0,0,0,0,0,0,0,0,0,0,0,0,0,0,0,0,0,0
170,2014/1/5,0,0,1,0,0,0,0,0,0,0,0,0,0,0,0,0,0,0,0,0,0
171,2014/1/12,0,0,0,0,0,0,0,0,0,0,0,0,0,0,0,0,0,0,0,0,0
172,2014/1/19,0,0,0,1,0,0,0,0,0,0,0,0,0,0,0,0,0,0,0,0,0
173,2014/1/26,0,0,0,1,1,0,0,0,0,0,0,0,0,0,0,0,0,0,0,0,0
174,2014/2/2,0,0,0,0,1,1,0,0,0,0,0,0,0,0,0,0,0,0,0,0,0
175,2014/2/9,0,0,0,0,0,1,0,0,0,0,0,0,0,0,0,0,0,0,0,0,0
176,2014/2/16,0,0,0,0,0,0,0,0,0,0,0,0,0,0,0,0,0,0,0,0,0
177,2014/2/23,0,0,0,0,0,0,0,0,0,0,0,0,0,0,0,0,0,0,0,0,0
178,2014/3/2,0,0,0,0,0,0,0,0,0,0,0,0,0,0,0,0,0,0,0,0,0
179,2014/3/9,0,0,0,0,0,0,0,0,0,0,0,0,0,0,0,0,0,0,0,0,0
180,2014/3/16,0,0,0,0,0,0,0,0,0,0,0,0,0,0,0,0,0,0,0,0,0
181,2014/3/23,0,0,0,0,0,0,1,0,0,0,0,0,0,0,0,0,0,0,0,0,0
182,2014/3/30,0,0,0,0,0,0,1,1,0,0,0,0,0,0,0,0,0,0,0,0,0
183,2014/4/6,0,0,0,0,0,0,0,1,1,0,0,0,0,0,0,0,0,0,0,0,0
184,2014/4/13,0,0,0,0,0,0,0,0,1,0,0,0,0,0,0,0,0,0,0,0,0
185,2014/4/20,0,0,0,0,0,0,0,0,0,1,0,0,0,0,0,0,0,0,0,0,0
186,2014/4/27,0,0,0,0,0,0,0,0,0,0,1,0,0,0,0,0,0,0,0,0,0
187,2014/5/4,0,0,0,0,0,0,0,0,0,0,0,1,0,0,0,0,0,0,0,0,0
188,2014/5/11,0,0,0,0,0,0,0,0,0,0,0,0,0,0,0,0,0,0,0,0,0
189,2014/5/18,0,0,0,0,0,0,0,0,0,0,0,0,0,0,0,0,0,0,0,0,0
190,2014/5/25,0,0,0,0,0,0,0,0,0,0,0,0,0,0,0,0,0,0,0,0,0
191,2014/6/1,0,0,0,0,0,0,0,0,0,0,0,0,1,0,0,0,0,0,0,0,0
192,2014/6/8,0,0,0,0,0,0,0,0,0,0,0,0,0,1,0,0,0,0,0,0,0
193,2014/6/15,0,0,0,0,0,0,0,0,0,0,0,0,0,0,1,0,0,0,0,0,0
194,2014/6/22,0,0,0,0,0,0,0,0,0,0,0,0,0,0,0,0,0,0,0,0,0
195,2014/6/29,0,0,0,0,0,0,0,0,0,0,0,0,0,0,0,0,0,0,0,0,0
196,2014/7/6,0,0,0,0,0,0,0,0,0,0,0,0,0,0,0,0,0,0,0,0,0
197,2014/7/13,0,0,0,0,0,0,0,0,0,0,0,0,0,0,0,0,0,0,0,0,0
198,2014/7/20,0,0,0,0,0,0,0,0,0,0,0,0,0,0,0,0,0,0,0,0,0
199,2014/7/27,0,0,0,0,0,0,0,0,0,0,0,0,0,0,0,0,0,0,0,0,0
200,2014/8/3,0,0,0,0,0,0,0,0,0,0,0,0,0,0,0,0,0,0,0,0,0
201,2014/8/10,0,0,0,0,0,0,0,0,0,0,0,0,0,0,0,0,0,0,0,0,0
202,2014/8/17,0,0,0,0,0,0,0,0,0,0,0,0,0,0,0,0,0,0,0,0,0
203,2014/8/24,0,0,0,0,0,0,0,0,0,0,0,0,0,0,0,0,0,0,0,0,0
204,2014/8/31,0,0,0,0,0,0,0,0,0,0,0,0,0,0,0,0,0,0,0,0,0
205,2014/9/7,0,0,0,0,0,0,0,0,0,0,0,0,0,0,0,1,0,0,0,0,0
206,2014/9/14,0,0,0,0,0,0,0,0,0,0,0,0,0,0,0,1,1,0,0,0,0
207,2014/9/21,0,0,0,0,0,0,0,0,0,0,0,0,0,0,0,0,1,1,1,0,0
208,2014/9/28,0,0,0,0,0,0,0,0,0,0,0,0,0,0,0,0,0,1,1,1,0
209,2014/10/5,0,0,0,0,0,0,0,0,0,0,0,0,0,0,0,0,0,0,0,1,1
210,2014/10/12,0,0,0,0,0,0,0,0,0,0,0,0,0,0,0,0,0,0,0,0,1
211,2014/10/19,0,0,0,0,0,0,0,0,0,0,0,0,0,0,0,0,0,0,0,0,0
212,2014/10/26,0,0,0,0,0,0,0,0,0,0,0,0,0,0,0,0,0,0,0,0,0
213,2014/11/2,0,0,0,0,0,0,0,0,0,0,0,0,0,0,0,0,0,0,0,0,0
214,2014/11/9,0,0,0,0,0,0,0,0,0,0,0,0,0,0,0,0,0,0,0,0,0
215,2014/11/16,0,0,0,0,0,0,0,0,0,0,0,0,0,0,0,0,0,0,0,0,0
216,2014/11/23,0,0,0,0,0,0,0,0,0,0,0,0,0,0,0,0,0,0,0,0,0
217,2014/11/30,0,0,0,0,0,0,0,0,0,0,0,0,0,0,0,0,0,0,0,0,0
218,2014/12/7,0,0,0,0,0,0,0,0,0,0,0,0,0,0,0,0,0,0,0,0,0
219,2014/12/14,0,0,0,0,0,0,0,0,0,0,0,0,0,0,0,0,0,0,0,0,0
220,2014/12/21,1,0,0,0,0,0,0,0,0,0,0,0,0,0,0,0,0,0,0,0,0
221,2014/12/28,0,1,0,0,0,0,0,0,0,0,0,0,0,0,0,0,0,0,0,0,0
222,2015/1/4,0,0,1,0,0,0,0,0,0,0,0,0,0,0,0,0,0,0,0,0,0
223,2015/1/11,0,0,0,0,0,0,0,0,0,0,0,0,0,0,0,0,0,0,0,0,0
224,2015/1/18,0,0,0,0,0,0,0,0,0,0,0,0,0,0,0,0,0,0,0,0,0
225,2015/1/25,0,0,0,0,0,0,0,0,0,0,0,0,0,0,0,0,0,0,0,0,0
226,2015/2/1,0,0,0,0,0,0,0,0,0,0,0,0,0,0,0,0,0,0,0,0,0
227,2015/2/8,0,0,0,1,0,0,0,0,0,0,0,0,0,0,0,0,0,0,0,0,0
228,2015/2/15,0,0,0,1,1,0,0,0,0,0,0,0,0,0,0,0,0,0,0,0,0
229,2015/2/22,0,0,0,0,1,1,0,0,0,0,0,0,0,0,0,0,0,0,0,0,0
230,2015/3/1,0,0,0,0,0,1,0,0,0,0,0,0,0,0,0,0,0,0,0,0,0
231,2015/3/8,0,0,0,0,0,0,0,0,0,0,0,0,0,0,0,0,0,0,0,0,0
232,2015/3/15,0,0,0,0,0,0,0,0,0,0,0,0,0,0,0,0,0,0,0,0,0
233,2015/3/22,0,0,0,0,0,0,1,0,0,0,0,0,0,0,0,0,0,0,0,0,0
234,2015/3/29,0,0,0,0,0,0,1,1,0,0,0,0,0,0,0,0,0,0,0,0,0
235,2015/4/5,0,0,0,0,0,0,0,1,1,0,0,0,0,0,0,0,0,0,0,0,0
236,2015/4/12,0,0,0,0,0,0,0,0,1,0,0,0,0,0,0,0,0,0,0,0,0
237,2015/4/19,0,0,0,0,0,0,0,0,0,1,0,0,0,0,0,0,0,0,0,0,0
238,2015/4/26,0,0,0,0,0,0,0,0,0,1,1,0,0,0,0,0,0,0,0,0,0
239,2015/5/3,0,0,0,0,0,0,0,0,0,0,1,1,0,0,0,0,0,0,0,0,0
240,2015/5/10,0,0,0,0,0,0,0,0,0,0,0,1,0,0,0,0,0,0,0,0,0
241,2015/5/17,0,0,0,0,0,0,0,0,0,0,0,0,0,0,0,0,0,0,0,0,0
242,2015/5/24,0,0,0,0,0,0,0,0,0,0,0,0,0,0,0,0,0,0,0,0,0
243,2015/5/31,0,0,0,0,0,0,0,0,0,0,0,0,0,0,0,0,0,0,0,0,0
244,2015/6/7,0,0,0,0,0,0,0,0,0,0,0,0,1,0,0,0,0,0,0,0,0
245,2015/6/14,0,0,0,0,0,0,0,0,0,0,0,0,1,1,0,0,0,0,0,0,0
246,2015/6/21,0,0,0,0,0,0,0,0,0,0,0,0,0,1,1,0,0,0,0,0,0
247,2015/6/28,0,0,0,0,0,0,0,0,0,0,0,0,0,0,1,0,0,0,0,0,0
248,2015/7/5,0,0,0,0,0,0,0,0,0,0,0,0,0,0,0,0,0,0,0,0,0
249,2015/7/12,0,0,0,0,0,0,0,0,0,0,0,0,0,0,0,0,0,0,0,0,0
250,2015/7/19,0,0,0,0,0,0,0,0,0,0,0,0,0,0,0,0,0,0,0,0,0
251,2015/7/26,0,0,0,0,0,0,0,0,0,0,0,0,0,0,0,0,0,0,0,0,0
252,2015/8/2,0,0,0,0,0,0,0,0,0,0,0,0,0,0,0,0,0,0,0,0,0
253,2015/8/9,0,0,0,0,0,0,0,0,0,0,0,0,0,0,0,0,0,0,0,0,0
254,2015/8/16,0,0,0,0,0,0,0,0,0,0,0,0,0,0,0,0,0,0,0,0,0
255,2015/8/23,0,0,0,0,0,0,0,0,0,0,0,0,0,0,0,0,0,0,0,0,0
256,2015/8/30,0,0,0,0,0,0,0,0,0,0,0,0,0,0,0,0,0,0,0,0,0
257,2015/9/6,0,0,0,0,0,0,0,0,0,0,0,0,0,0,0,0,0,0,0,0,0
258,2015/9/13,0,0,0,0,0,0,0,0,0,0,0,0,0,0,0,0,0,0,0,0,0
259,2015/9/20,0,0,0,0,0,0,0,0,0,0,0,0,0,0,0,1,0,0,1,0,0
260,2015/9/27,0,0,0,0,0,0,0,0,0,0,0,0,0,0,0,0,1,0,1,1,0
261,2015/10/4,0,0,0,0,0,0,0,0,0,0,0,0,0,0,0,0,0,1,0,1,1
262,2015/10/11,0,0,0,0,0,0,0,0,0,0,0,0,0,0,0,0,0,0,0,0,1
263,2015/10/18,0,0,0,0,0,0,0,0,0,0,0,0,0,0,0,0,0,0,0,0,0
264,2015/10/25,0,0,0,0,0,0,0,0,0,0,0,0,0,0,0,0,0,0,0,0,0
265,2015/11/1,0,0,0,0,0,0,0,0,0,0,0,0,0,0,0,0,0,0,0,0,0
266,2015/11/8,0,0,0,0,0,0,0,0,0,0,0,0,0,0,0,0,0,0,0,0,0
267,2015/11/15,0,0,0,0,0,0,0,0,0,0,0,0,0,0,0,0,0,0,0,0,0
268,2015/11/22,0,0,0,0,0,0,0,0,0,0,0,0,0,0,0,0,0,0,0,0,0
269,2015/11/29,0,0,0,0,0,0,0,0,0,0,0,0,0,0,0,0,0,0,0,0,0
270,2015/12/6,0,0,0,0,0,0,0,0,0,0,0,0,0,0,0,0,0,0,0,0,0
271,2015/12/13,0,0,0,0,0,0,0,0,0,0,0,0,0,0,0,0,0,0,0,0,0
272,2015/12/20,1,0,0,0,0,0,0,0,0,0,0,0,0,0,0,0,0,0,0,0,0
273,2015/12/27,1,1,0,0,0,0,0,0,0,0,0,0,0,0,0,0,0,0,0,0,0
274,2016/1/3,0,1,1,0,0,0,0,0,0,0,0,0,0,0,0,0,0,0,0,0,0
275,2016/1/10,0,0,1,0,0,0,0,0,0,0,0,0,0,0,0,0,0,0,0,0,0
276,2016/1/17,0,0,0,0,0,0,0,0,0,0,0,0,0,0,0,0,0,0,0,0,0
277,2016/1/24,0,0,0,0,0,0,0,0,0,0,0,0,0,0,0,0,0,0,0,0,0
278,2016/1/31,0,0,0,1,0,0,0,0,0,0,0,0,0,0,0,0,0,0,0,0,0
279,2016/2/7,0,0,0,0,1,0,0,0,0,0,0,0,0,0,0,0,0,0,0,0,0
280,2016/2/14,0,0,0,0,0,1,0,0,0,0,0,0,0,0,0,0,0,0,0,0,0
281,2016/2/21,0,0,0,0,0,0,0,0,0,0,0,0,0,0,0,0,0,0,0,0,0
282,2016/2/28,0,0,0,0,0,0,0,0,0,0,0,0,0,0,0,0,0,0,0,0,0
283,2016/3/6,0,0,0,0,0,0,0,0,0,0,0,0,0,0,0,0,0,0,0,0,0
284,2016/3/13,0,0,0,0,0,0,0,0,0,0,0,0,0,0,0,0,0,0,0,0,0
285,2016/3/20,0,0,0,0,0,0,1,0,0,0,0,0,0,0,0,0,0,0,0,0,0
286,2016/3/27,0,0,0,0,0,0,1,1,0,0,0,0,0,0,0,0,0,0,0,0,0
287,2016/4/3,0,0,0,0,0,0,0,1,1,0,0,0,0,0,0,0,0,0,0,0,0
288,2016/4/10,0,0,0,0,0,0,0,0,1,0,0,0,0,0,0,0,0,0,0,0,0
289,2016/4/17,0,0,0,0,0,0,0,0,0,1,0,0,0,0,0,0,0,0,0,0,0
290,2016/4/24,0,0,0,0,0,0,0,0,0,1,1,0,0,0,0,0,0,0,0,0,0
291,2016/5/1,0,0,0,0,0,0,0,0,0,0,1,1,0,0,0,0,0,0,0,0,0
292,2016/5/8,0,0,0,0,0,0,0,0,0,0,0,1,0,0,0,0,0,0,0,0,0
293,2016/5/15,0,0,0,0,0,0,0,0,0,0,0,0,0,0,0,0,0,0,0,0,0
294,2016/5/22,0,0,0,0,0,0,0,0,0,0,0,0,0,0,0,0,0,0,0,0,0
295,2016/5/29,0,0,0,0,0,0,0,0,0,0,0,0,1,0,0,0,0,0,0,0,0
296,2016/6/5,0,0,0,0,0,0,0,0,0,0,0,0,0,1,0,0,0,0,0,0,0
297,2016/6/12,0,0,0,0,0,0,0,0,0,0,0,0,0,0,1,0,0,0,0,0,0
298,2016/6/19,0,0,0,0,0,0,0,0,0,0,0,0,0,0,0,0,0,0,0,0,0
299,2016/6/26,0,0,0,0,0,0,0,0,0,0,0,0,0,0,0,0,0,0,0,0,0
300,2016/7/3,0,0,0,0,0,0,0,0,0,0,0,0,0,0,0,0,0,0,0,0,0
301,2016/7/10,0,0,0,0,0,0,0,0,0,0,0,0,0,0,0,0,0,0,0,0,0
302,2016/7/17,0,0,0,0,0,0,0,0,0,0,0,0,0,0,0,0,0,0,0,0,0
303,2016/7/24,0,0,0,0,0,0,0,0,0,0,0,0,0,0,0,0,0,0,0,0,0
304,2016/7/31,0,0,0,0,0,0,0,0,0,0,0,0,0,0,0,0,0,0,0,0,0
305,2016/8/7,0,0,0,0,0,0,0,0,0,0,0,0,0,0,0,0,0,0,0,0,0
306,2016/8/14,0,0,0,0,0,0,0,0,0,0,0,0,0,0,0,0,0,0,0,0,0
307,2016/8/21,0,0,0,0,0,0,0,0,0,0,0,0,0,0,0,0,0,0,0,0,0
308,2016/8/28,0,0,0,0,0,0,0,0,0,0,0,0,0,0,0,0,0,0,0,0,0
309,2016/9/4,0,0,0,0,0,0,0,0,0,0,0,0,0,0,0,1,0,0,0,0,0
310,2016/9/11,0,0,0,0,0,0,0,0,0,0,0,0,0,0,0,0,1,0,0,0,0
311,2016/9/18,0,0,0,0,0,0,0,0,0,0,0,0,0,0,0,0,0,1,1,0,0
312,2016/9/25,0,0,0,0,0,0,0,0,0,0,0,0,0,0,0,0,0,0,1,1,0
313,2016/10/2,0,0,0,0,0,0,0,0,0,0,0,0,0,0,0,0,0,0,0,1,1
314,2016/10/9,0,0,0,0,0,0,0,0,0,0,0,0,0,0,0,0,0,0,0,0,1
315,2016/10/16,0,0,0,0,0,0,0,0,0,0,0,0,0,0,0,0,0,0,0,0,0
316,2016/10/23,0,0,0,0,0,0,0,0,0,0,0,0,0,0,0,0,0,0,0,0,0
317,2016/10/30,0,0,0,0,0,0,0,0,0,0,0,0,0,0,0,0,0,0,0,0,0
318,2016/11/6,0,0,0,0,0,0,0,0,0,0,0,0,0,0,0,0,0,0,0,0,0
319,2016/11/13,0,0,0,0,0,0,0,0,0,0,0,0,0,0,0,0,0,0,0,0,0
320,2016/11/20,0,0,0,0,0,0,0,0,0,0,0,0,0,0,0,0,0,0,0,0,0
321,2016/11/27,0,0,0,0,0,0,0,0,0,0,0,0,0,0,0,0,0,0,0,0,0
322,2016/12/4,0,0,0,0,0,0,0,0,0,0,0,0,0,0,0,0,0,0,0,0,0
323,2016/12/11,0,0,0,0,0,0,0,0,0,0,0,0,0,0,0,0,0,0,0,0,0
324,2016/12/18,1,0,0,0,0,0,0,0,0,0,0,0,0,0,0,0,0,0,0,0,0
325,2016/12/25,1,1,0,0,0,0,0,0,0,0,0,0,0,0,0,0,0,0,0,0,0
326,2017/1/1,0,1,1,0,0,0,0,0,0,0,0,0,0,0,0,0,0,0,0,0,0
327,2017/1/8,0,0,1,0,0,0,0,0,0,0,0,0,0,0,0,0,0,0,0,0,0
328,2017/1/15,0,0,0,1,0,0,0,0,0,0,0,0,0,0,0,0,0,0,0,0,0
329,2017/1/22,0,0,0,1,1,0,0,0,0,0,0,0,0,0,0,0,0,0,0,0,0
330,2017/1/29,0,0,0,0,1,1,0,0,0,0,0,0,0,0,0,0,0,0,0,0,0
331,2017/2/5,0,0,0,0,0,1,0,0,0,0,0,0,0,0,0,0,0,0,0,0,0
332,2017/2/12,0,0,0,0,0,0,0,0,0,0,0,0,0,0,0,0,0,0,0,0,0
333,2017/2/19,0,0,0,0,0,0,0,0,0,0,0,0,0,0,0,0,0,0,0,0,0
334,2017/2/26,0,0,0,0,0,0,0,0,0,0,0,0,0,0,0,0,0,0,0,0,0
335,2017/3/5,0,0,0,0,0,0,0,0,0,0,0,0,0,0,0,0,0,0,0,0,0
336,2017/3/12,0,0,0,0,0,0,0,0,0,0,0,0,0,0,0,0,0,0,0,0,0
337,2017/3/19,0,0,0,0,0,0,0,0,0,0,0,0,0,0,0,0,0,0,0,0,0
338,2017/3/26,0,0,0,0,0,0,1,0,0,0,0,0,0,0,0,0,0,0,0,0,0
339,2017/4/2,0,0,0,0,0,0,0,1,0,0,0,0,0,0,0,0,0,0,0,0,0
340,2017/4/9,0,0,0,0,0,0,0,0,1,0,0,0,0,0,0,0,0,0,0,0,0
341,2017/4/16,0,0,0,0,0,0,0,0,0,1,0,0,0,0,0,0,0,0,0,0,0
342,2017/4/23,0,0,0,0,0,0,0,0,0,1,1,0,0,0,0,0,0,0,0,0,0
343,2017/4/30,0,0,0,0,0,0,0,0,0,0,1,1,0,0,0,0,0,0,0,0,0
344,2017/5/7,0,0,0,0,0,0,0,0,0,0,0,1,0,0,0,0,0,0,0,0,0
345,2017/5/14,0,0,0,0,0,0,0,0,0,0,0,0,0,0,0,0,0,0,0,0,0
346,2017/5/21,0,0,0,0,0,0,0,0,0,0,0,0,1,0,0,0,0,0,0,0,0
347,2017/5/28,0,0,0,0,0,0,0,0,0,0,0,0,0,1,0,0,0,0,0,0,0
348,2017/6/4,0,0,0,0,0,0,0,0,0,0,0,0,0,0,1,0,0,0,0,0,0
349,2017/6/11,0,0,0,0,0,0,0,0,0,0,0,0,0,0,0,0,0,0,0,0,0
350,2017/6/18,0,0,0,0,0,0,0,0,0,0,0,0,0,0,0,0,0,0,0,0,0
351,2017/6/25,0,0,0,0,0,0,0,0,0,0,0,0,0,0,0,0,0,0,0,0,0
352,2017/7/2,0,0,0,0,0,0,0,0,0,0,0,0,0,0,0,0,0,0,0,0,0
353,2017/7/9,0,0,0,0,0,0,0,0,0,0,0,0,0,0,0,0,0,0,0,0,0
354,2017/7/16,0,0,0,0,0,0,0,0,0,0,0,0,0,0,0,0,0,0,0,0,0
355,2017/7/23,0,0,0,0,0,0,0,0,0,0,0,0,0,0,0,0,0,0,0,0,0
356,2017/7/30,0,0,0,0,0,0,0,0,0,0,0,0,0,0,0,0,0,0,0,0,0
357,2017/8/6,0,0,0,0,0,0,0,0,0,0,0,0,0,0,0,0,0,0,0,0,0
358,2017/8/13,0,0,0,0,0,0,0,0,0,0,0,0,0,0,0,0,0,0,0,0,0
359,2017/8/20,0,0,0,0,0,0,0,0,0,0,0,0,0,0,0,0,0,0,0,0,0
360,2017/8/27,0,0,0,0,0,0,0,0,0,0,0,0,0,0,0,0,0,0,0,0,0
361,2017/9/3,0,0,0,0,0,0,0,0,0,0,0,0,0,0,0,0,0,0,0,0,0
362,2017/9/10,0,0,0,0,0,0,0,0,0,0,0,0,0,0,0,0,0,0,0,0,0
363,2017/9/17,0,0,0,0,0,0,0,0,0,0,0,0,0,0,0,0,0,0,0,0,0
364,2017/9/24,0,0,0,0,0,0,0,0,0,0,0,0,0,0,0,1,0,0,1,0,0
365,2017/10/1,0,0,0,0,0,0,0,0,0,0,0,0,0,0,0,0,1,0,1,1,0
366,2017/10/8,0,0,0,0,0,0,0,0,0,0,0,0,0,0,0,0,0,1,0,1,1
367,2017/10/15,0,0,0,0,0,0,0,0,0,0,0,0,0,0,0,0,0,0,0,0,1
368,2017/10/22,0,0,0,0,0,0,0,0,0,0,0,0,0,0,0,0,0,0,0,0,0
369,2017/10/29,0,0,0,0,0,0,0,0,0,0,0,0,0,0,0,0,0,0,0,0,0
370,2017/11/5,0,0,0,0,0,0,0,0,0,0,0,0,0,0,0,0,0,0,0,0,0
371,2017/11/12,0,0,0,0,0,0,0,0,0,0,0,0,0,0,0,0,0,0,0,0,0
372,2017/11/19,0,0,0,0,0,0,0,0,0,0,0,0,0,0,0,0,0,0,0,0,0
373,2017/11/26,0,0,0,0,0,0,0,0,0,0,0,0,0,0,0,0,0,0,0,0,0
374,2017/12/3,0,0,0,0,0,0,0,0,0,0,0,0,0,0,0,0,0,0,0,0,0
375,2017/12/10,0,0,0,0,0,0,0,0,0,0,0,0,0,0,0,0,0,0,0,0,0
376,2017/12/17,0,0,0,0,0,0,0,0,0,0,0,0,0,0,0,0,0,0,0,0,0
377,2017/12/24,0,0,0,0,0,0,0,0,0,0,0,0,0,0,0,0,0,0,0,0,0
378,2017/12/31,0,0,0,0,0,0,0,0,0,0,0,0,0,0,0,0,0,0,0,0,0
379,2018/1/7,0,0,0,0,0,0,0,0,0,0,0,0,0,0,0,0,0,0,0,0,0
380,2018/1/14,0,0,0,0,0,0,0,0,0,0,0,0,0,0,0,0,0,0,0,0,0
381,2018/1/21,0,0,0,0,0,0,0,0,0,0,0,0,0,0,0,0,0,0,0,0,0
382,2018/1/28,0,0,0,0,0,0,0,0,0,0,0,0,0,0,0,0,0,0,0,0,0
383,2018/2/4,0,0,0,0,0,0,0,0,0,0,0,0,0,0,0,0,0,0,0,0,0
384,2018/2/11,0,0,0,0,0,0,0,0,0,0,0,0,0,0,0,0,0,0,0,0,0
385,2018/2/18,0,0,0,0,0,0,0,0,0,0,0,0,0,0,0,0,0,0,0,0,0
386,2018/2/25,0,0,0,0,0,0,0,0,0,0,0,0,0,0,0,0,0,0,0,0,0
387,2018/3/4,0,0,0,0,0,0,0,0,0,0,0,0,0,0,0,0,0,0,0,0,0
388,2018/3/11,0,0,0,0,0,0,0,0,0,0,0,0,0,0,0,0,0,0,0,0,0
389,2018/3/18,0,0,0,0,0,0,0,0,0,0,0,0,0,0,0,0,0,0,0,0,0
390,2018/3/25,0,0,0,0,0,0,0,0,0,0,0,0,0,0,0,0,0,0,0,0,0
391,2018/4/1,0,0,0,0,0,0,0,0,0,0,0,0,0,0,0,0,0,0,0,0,0
392,2018/4/8,0,0,0,0,0,0,0,0,0,0,0,0,0,0,0,0,0,0,0,0,0
393,2018/4/15,0,0,0,0,0,0,0,0,0,0,0,0,0,0,0,0,0,0,0,0,0
394,2018/4/22,0,0,0,0,0,0,0,0,0,0,0,0,0,0,0,0,0,0,0,0,0
395,2018/4/29,0,0,0,0,0,0,0,0,0,0,0,0,0,0,0,0,0,0,0,0,0
396,2018/5/6,0,0,0,0,0,0,0,0,0,0,0,0,0,0,0,0,0,0,0,0,0
397,2018/5/13,0,0,0,0,0,0,0,0,0,0,0,0,0,0,0,0,0,0,0,0,0
398,2018/5/20,0,0,0,0,0,0,0,0,0,0,0,0,0,0,0,0,0,0,0,0,0
399,2018/5/27,0,0,0,0,0,0,0,0,0,0,0,0,0,0,0,0,0,0,0,0,0
400,2018/6/3,0,0,0,0,0,0,0,0,0,0,0,0,0,0,0,0,0,0,0,0,0
401,2018/6/10,0,0,0,0,0,0,0,0,0,0,0,0,0,0,0,0,0,0,0,0,0
402,2018/6/17,0,0,0,0,0,0,0,0,0,0,0,0,0,0,0,0,0,0,0,0,0
403,2018/6/24,0,0,0,0,0,0,0,0,0,0,0,0,0,0,0,0,0,0,0,0,0
404,2018/7/1,0,0,0,0,0,0,0,0,0,0,0,0,0,0,0,0,0,0,0,0,0
405,2018/7/8,0,0,0,0,0,0,0,0,0,0,0,0,0,0,0,0,0,0,0,0,0
406,2018/7/15,0,0,0,0,0,0,0,0,0,0,0,0,0,0,0,0,0,0,0,0,0
407,2018/7/22,0,0,0,0,0,0,0,0,0,0,0,0,0,0,0,0,0,0,0,0,0
408,2018/7/29,0,0,0,0,0,0,0,0,0,0,0,0,0,0,0,0,0,0,0,0,0
409,2018/8/5,0,0,0,0,0,0,0,0,0,0,0,0,0,0,0,0,0,0,0,0,0
410,2018/8/12,0,0,0,0,0,0,0,0,0,0,0,0,0,0,0,0,0,0,0,0,0
411,2018/8/19,0,0,0,0,0,0,0,0,0,0,0,0,0,0,0,0,0,0,0,0,0
412,2018/8/26,0,0,0,0,0,0,0,0,0,0,0,0,0,0,0,0,0,0,0,0,0
413,2018/9/2,0,0,0,0,0,0,0,0,0,0,0,0,0,0,0,0,0,0,0,0,0
414,2018/9/9,0,0,0,0,0,0,0,0,0,0,0,0,0,0,0,0,0,0,0,0,0
415,2018/9/16,0,0,0,0,0,0,0,0,0,0,0,0,0,0,0,0,0,0,0,0,0
416,2018/9/23,0,0,0,0,0,0,0,0,0,0,0,0,0,0,0,0,0,0,0,0,0
417,2018/9/30,0,0,0,0,0,0,0,0,0,0,0,0,0,0,0,0,0,0,0,0,0
418,2018/10/7,0,0,0,0,0,0,0,0,0,0,0,0,0,0,0,0,0,0,0,0,0
419,2018/10/14,0,0,0,0,0,0,0,0,0,0,0,0,0,0,0,0,0,0,0,0,0
420,2018/10/21,0,0,0,0,0,0,0,0,0,0,0,0,0,0,0,0,0,0,0,0,0
421,2018/10/28,0,0,0,0,0,0,0,0,0,0,0,0,0,0,0,0,0,0,0,0,0
422,2018/11/4,0,0,0,0,0,0,0,0,0,0,0,0,0,0,0,0,0,0,0,0,0
423,2018/11/11,0,0,0,0,0,0,0,0,0,0,0,0,0,0,0,0,0,0,0,0,0
424,2018/11/18,0,0,0,0,0,0,0,0,0,0,0,0,0,0,0,0,0,0,0,0,0
425,2018/11/25,0,0,0,0,0,0,0,0,0,0,0,0,0,0,0,0,0,0,0,0,0
426,2018/12/2,0,0,0,0,0,0,0,0,0,0,0,0,0,0,0,0,0,0,0,0,0
427,2018/12/9,0,0,0,0,0,0,0,0,0,0,0,0,0,0,0,0,0,0,0,0,0
428,2018/12/16,0,0,0,0,0,0,0,0,0,0,0,0,0,0,0,0,0,0,0,0,0
429,2018/12/23,0,0,0,0,0,0,0,0,0,0,0,0,0,0,0,0,0,0,0,0,0
430,2018/12/30,0,0,0,0,0,0,0,0,0,0,0,0,0,0,0,0,0,0,0,0,0
431,2019/1/6,0,0,0,0,0,0,0,0,0,0,0,0,0,0,0,0,0,0,0,0,0
432,2019/1/13,0,0,0,0,0,0,0,0,0,0,0,0,0,0,0,0,0,0,0,0,0
433,2019/1/20,0,0,0,0,0,0,0,0,0,0,0,0,0,0,0,0,0,0,0,0,0
434,2019/1/27,0,0,0,0,0,0,0,0,0,0,0,0,0,0,0,0,0,0,0,0,0
435,2019/2/3,0,0,0,0,0,0,0,0,0,0,0,0,0,0,0,0,0,0,0,0,0
436,2019/2/10,0,0,0,0,0,0,0,0,0,0,0,0,0,0,0,0,0,0,0,0,0
437,2019/2/17,0,0,0,0,0,0,0,0,0,0,0,0,0,0,0,0,0,0,0,0,0
438,2019/2/24,0,0,0,0,0,0,0,0,0,0,0,0,0,0,0,0,0,0,0,0,0
439,2019/3/3,0,0,0,0,0,0,0,0,0,0,0,0,0,0,0,0,0,0,0,0,0
440,2019/3/10,0,0,0,0,0,0,0,0,0,0,0,0,0,0,0,0,0,0,0,0,0
441,2019/3/17,0,0,0,0,0,0,0,0,0,0,0,0,0,0,0,0,0,0,0,0,0
442,2019/3/24,0,0,0,0,0,0,0,0,0,0,0,0,0,0,0,0,0,0,0,0,0
443,2019/3/31,0,0,0,0,0,0,0,0,0,0,0,0,0,0,0,0,0,0,0,0,0
444,2019/4/7,0,0,0,0,0,0,0,0,0,0,0,0,0,0,0,0,0,0,0,0,0
445,2019/4/14,0,0,0,0,0,0,0,0,0,0,0,0,0,0,0,0,0,0,0,0,0
446,2019/4/21,0,0,0,0,0,0,0,0,0,0,0,0,0,0,0,0,0,0,0,0,0
447,2019/4/28,0,0,0,0,0,0,0,0,0,0,0,0,0,0,0,0,0,0,0,0,0
448,2019/5/5,0,0,0,0,0,0,0,0,0,0,0,0,0,0,0,0,0,0,0,0,0
449,2019/5/12,0,0,0,0,0,0,0,0,0,0,0,0,0,0,0,0,0,0,0,0,0
450,2019/5/19,0,0,0,0,0,0,0,0,0,0,0,0,0,0,0,0,0,0,0,0,0
451,2019/5/26,0,0,0,0,0,0,0,0,0,0,0,0,0,0,0,0,0,0,0,0,0
452,2019/6/2,0,0,0,0,0,0,0,0,0,0,0,0,0,0,0,0,0,0,0,0,0
453,2019/6/9,0,0,0,0,0,0,0,0,0,0,0,0,0,0,0,0,0,0,0,0,0
454,2019/6/16,0,0,0,0,0,0,0,0,0,0,0,0,0,0,0,0,0,0,0,0,0
455,2019/6/23,0,0,0,0,0,0,0,0,0,0,0,0,0,0,0,0,0,0,0,0,0
456,2019/6/30,0,0,0,0,0,0,0,0,0,0,0,0,0,0,0,0,0,0,0,0,0
457,2019/7/7,0,0,0,0,0,0,0,0,0,0,0,0,0,0,0,0,0,0,0,0,0
458,2019/7/14,0,0,0,0,0,0,0,0,0,0,0,0,0,0,0,0,0,0,0,0,0
459,2019/7/21,0,0,0,0,0,0,0,0,0,0,0,0,0,0,0,0,0,0,0,0,0
460,2019/7/28,0,0,0,0,0,0,0,0,0,0,0,0,0,0,0,0,0,0,0,0,0
461,2019/8/4,0,0,0,0,0,0,0,0,0,0,0,0,0,0,0,0,0,0,0,0,0
462,2019/8/11,0,0,0,0,0,0,0,0,0,0,0,0,0,0,0,0,0,0,0,0,0
463,2019/8/18,0,0,0,0,0,0,0,0,0,0,0,0,0,0,0,0,0,0,0,0,0
464,2019/8/25,0,0,0,0,0,0,0,0,0,0,0,0,0,0,0,0,0,0,0,0,0
465,2019/9/1,0,0,0,0,0,0,0,0,0,0,0,0,0,0,0,0,0,0,0,0,0
466,2019/9/8,0,0,0,0,0,0,0,0,0,0,0,0,0,0,0,0,0,0,0,0,0
467,2019/9/15,0,0,0,0,0,0,0,0,0,0,0,0,0,0,0,0,0,0,0,0,0
468,2019/9/22,0,0,0,0,0,0,0,0,0,0,0,0,0,0,0,0,0,0,0,0,0
469,2019/9/29,0,0,0,0,0,0,0,0,0,0,0,0,0,0,0,0,0,0,0,0,0
470,2019/10/6,0,0,0,0,0,0,0,0,0,0,0,0,0,0,0,0,0,0,0,0,0
471,2019/10/13,0,0,0,0,0,0,0,0,0,0,0,0,0,0,0,0,0,0,0,0,0
472,2019/10/20,0,0,0,0,0,0,0,0,0,0,0,0,0,0,0,0,0,0,0,0,0
473,2019/10/27,0,0,0,0,0,0,0,0,0,0,0,0,0,0,0,0,0,0,0,0,0
474,2019/11/3,0,0,0,0,0,0,0,0,0,0,0,0,0,0,0,0,0,0,0,0,0
475,2019/11/10,0,0,0,0,0,0,0,0,0,0,0,0,0,0,0,0,0,0,0,0,0
476,2019/11/17,0,0,0,0,0,0,0,0,0,0,0,0,0,0,0,0,0,0,0,0,0
477,2019/11/24,0,0,0,0,0,0,0,0,0,0,0,0,0,0,0,0,0,0,0,0,0
478,2019/12/1,0,0,0,0,0,0,0,0,0,0,0,0,0,0,0,0,0,0,0,0,0
479,2019/12/8,0,0,0,0,0,0,0,0,0,0,0,0,0,0,0,0,0,0,0,0,0
480,2019/12/15,0,0,0,0,0,0,0,0,0,0,0,0,0,0,0,0,0,0,0,0,0
481,2019/12/22,0,0,0,0,0,0,0,0,0,0,0,0,0,0,0,0,0,0,0,0,0
482,2019/12/29,0,0,0,0,0,0,0,0,0,0,0,0,0,0,0,0,0,0,0,0,0